{
  "fileName" : "13.json",
  "config" : {
    "seed" : 388032872,
    "description" : "single random value with forward coupling",
    "dtmcGeneratorConfig" : {
      "edgesNumberDistribution" : {
        "n" : 6,
        "distributionType" : "org.qesm.app.model.generator.distribution.SingleValueDistribution"
      },
      "edgesLocalityDistribution" : {
        "min" : -3,
        "max" : 3,
        "distributionType" : "org.qesm.app.model.generator.distribution.UniformDistribution"
      },
      "selfLoopValue" : null,
      "connectSCCs" : false,
      "n" : 64
    },
    "perfectSamplingConfig" : {
      "statisticalTestConfig" : {
        "confidence" : 0.95,
        "error" : 0.01,
        "testClass" : "org.qesm.app.model.test.ZTest"
      },
      "randomHelperClass" : "org.qesm.app.model.sampling.sampler.random.SingleRandomHelper",
      "pythonHistogramImage" : true,
      "pythonLastSequenceImage" : false,
      "enabled" : true
    },
    "forwardSamplingConfig" : {
      "enabled" : true,
      "randomHelperClass" : "org.qesm.app.model.sampling.sampler.random.SingleRandomHelper"
    },
    "dumbSamplingConfig" : {
      "enabled" : true,
      "sigmas" : [ -2.0, -1.0, 0.0, 1.0, 2.0 ]
    },
    "transientAnalysisConfig" : {
      "enabled" : true,
      "maxDistanceToSteadyState" : 1.0E-4
    }
  },
  "steadyStateAnalysisOutput" : {
    "steadyStateDistribution" : {
      "0" : 0.008808208248768403,
      "1" : 0.01564147826350555,
      "2" : 0.010798255039049034,
      "3" : 0.016248051774449625,
      "4" : 0.019077353429975016,
      "5" : 0.015262621505283637,
      "6" : 0.013276999414244824,
      "7" : 0.00978028685976954,
      "8" : 0.013394118447824564,
      "9" : 0.007934729831981516,
      "10" : 0.011277800828114531,
      "11" : 0.017685791480033172,
      "12" : 0.021848033979285527,
      "13" : 0.01619258728650453,
      "14" : 0.021153756620178727,
      "15" : 0.011255629278544094,
      "16" : 0.021413245946197125,
      "17" : 0.0238410341499758,
      "18" : 0.014461024016604944,
      "19" : 0.020223406756577182,
      "20" : 0.008967902480339568,
      "21" : 0.0050887493571679715,
      "22" : 0.010293628330604973,
      "23" : 0.005155189789553401,
      "24" : 0.003874031261794234,
      "25" : 0.008892421280796464,
      "26" : 0.007344109863915173,
      "27" : 0.009563901506295559,
      "28" : 0.0052946131718700105,
      "29" : 0.00751062779423237,
      "30" : 0.003613634113761556,
      "31" : 0.008813225702465673,
      "32" : 0.006017598840279897,
      "33" : 0.014564839732821445,
      "34" : 0.01297558466889301,
      "35" : 0.011609391080992262,
      "36" : 0.009147066886216016,
      "37" : 0.011935167439975166,
      "38" : 0.014125536563534623,
      "39" : 0.011237119443299751,
      "40" : 0.008735633781167072,
      "41" : 0.01043437766455971,
      "42" : 0.012083363028322809,
      "43" : 0.011476712147993022,
      "44" : 0.03853420370139402,
      "45" : 0.046876005978900216,
      "46" : 0.035171643041285595,
      "47" : 0.023771989479002827,
      "48" : 0.02764421574400138,
      "49" : 0.04226555536891053,
      "50" : 0.011362868676491833,
      "51" : 0.038246933419596986,
      "52" : 0.01925360594438373,
      "53" : 0.014909699740153068,
      "54" : 0.016096860196349358,
      "55" : 0.025607251030505547,
      "56" : 0.019083046931756147,
      "57" : 0.020561001307659567,
      "58" : 0.017890768836459948,
      "59" : 0.017626375744910248,
      "60" : 0.015520302618200206,
      "61" : 0.012638439757941869,
      "62" : 0.009804669332262076,
      "63" : 0.018805724062115736
    }
  },
  "perfectSamplingOutput" : {
    "avgSteps" : 338.34482,
    "sigma" : 209.17922965915477,
    "distance" : 1.0105894341293594E-4,
    "statisticalTest" : {
      "name" : "ZTest",
      "confidence" : 0.95,
      "maxError" : 0.01,
      "currentError" : 0.00999999366603688,
      "samplesSize" : 14683,
      "stdDev" : 209.1792328338501,
      "mean" : 338.3448205407614
    }
  },
  "dumbSamplingOutputs" : [ {
    "sigmas" : -2.0,
    "steps" : -80,
    "distance" : 0.0011287836197244052
  }, {
    "sigmas" : -1.0,
    "steps" : 129,
    "distance" : 1.2600439621182443E-4
  }, {
    "sigmas" : 0.0,
    "steps" : 338,
    "distance" : 1.1459931913283854E-4
  }, {
    "sigmas" : 1.0,
    "steps" : 548,
    "distance" : 1.2819055237777658E-4
  }, {
    "sigmas" : 2.0,
    "steps" : 757,
    "distance" : 1.4383156294774037E-4
  } ],
  "forwardCouplingOutput" : {
    "avgSteps" : 338.1913,
    "sigma" : 204.84507711162368
  },
  "dtmcGeneratorOutput" : {
    "p" : {
      "rowMajor" : false,
      "columnMajor" : true
    }
  }
}