{
  "fileName" : "14.json",
  "config" : {
    "seed" : -2000671497,
    "description" : "single random value with forward coupling",
    "dtmcGeneratorConfig" : {
      "edgesNumberDistribution" : {
        "n" : 6,
        "distributionType" : "org.qesm.app.model.generator.distribution.SingleValueDistribution"
      },
      "edgesLocalityDistribution" : {
        "min" : -6,
        "max" : 6,
        "distributionType" : "org.qesm.app.model.generator.distribution.UniformDistribution"
      },
      "selfLoopValue" : null,
      "connectSCCs" : false,
      "n" : 64
    },
    "perfectSamplingConfig" : {
      "statisticalTestConfig" : {
        "confidence" : 0.95,
        "error" : 0.01,
        "testClass" : "org.qesm.app.model.test.ZTest"
      },
      "randomHelperClass" : "org.qesm.app.model.sampling.sampler.random.SingleRandomHelper",
      "pythonHistogramImage" : true,
      "pythonLastSequenceImage" : false,
      "enabled" : true
    },
    "forwardSamplingConfig" : {
      "enabled" : true,
      "randomHelperClass" : "org.qesm.app.model.sampling.sampler.random.SingleRandomHelper"
    },
    "dumbSamplingConfig" : {
      "enabled" : true,
      "sigmas" : [ -2.0, -1.0, 0.0, 1.0, 2.0 ]
    },
    "transientAnalysisConfig" : {
      "enabled" : true,
      "maxDistanceToSteadyState" : 1.0E-4
    }
  },
  "steadyStateAnalysisOutput" : {
    "steadyStateDistribution" : {
      "0" : 0.004849053200260316,
      "1" : 0.01289881288026858,
      "2" : 0.011253460304295925,
      "3" : 0.010587110523400587,
      "4" : 0.010299065404352313,
      "5" : 0.01587413688279345,
      "6" : 0.04269899203441581,
      "7" : 0.008411203476734278,
      "8" : 0.05263003107283996,
      "9" : 0.03680621929350488,
      "10" : 0.03884277069016338,
      "11" : 0.021590993954041824,
      "12" : 0.04561597719776814,
      "13" : 0.0372328225578046,
      "14" : 0.04279861287184831,
      "15" : 0.03523095270690506,
      "16" : 0.04595617408282823,
      "17" : 0.02444063291652958,
      "18" : 0.006198829387972995,
      "19" : 0.024660263309451855,
      "20" : 0.014844645113200125,
      "21" : 0.018855806849248504,
      "22" : 0.0019609027320182594,
      "23" : 0.01103482143730192,
      "24" : 0.010808827469707917,
      "25" : 0.011162052670651415,
      "26" : 0.013937750841200794,
      "27" : 0.013476103340723633,
      "28" : 0.00709133814014414,
      "29" : 0.015277954080596142,
      "30" : 0.010516694350134487,
      "31" : 0.01261353781118746,
      "32" : 0.013756515021946936,
      "33" : 0.01634353107539726,
      "34" : 0.03483191308993407,
      "35" : 0.007661181202977594,
      "36" : 0.026194939511294396,
      "37" : 0.02025050560018352,
      "38" : 0.014587039890813737,
      "39" : 0.0188902274525084,
      "40" : 0.016946230850894736,
      "41" : 0.01684440101312789,
      "42" : 0.013677483571841459,
      "43" : 0.013404471052569195,
      "44" : 0.0068002280844917645,
      "45" : 0.012333174970347182,
      "46" : 0.013171998771258938,
      "47" : 0.0025250135603185207,
      "48" : 0.004920202274516427,
      "49" : 0.011609251933915616,
      "50" : 0.0033084797429655125,
      "51" : 0.007912777281947121,
      "52" : 0.003912515689756983,
      "53" : 3.5722742773686513E-4,
      "54" : 0.0024633455450619813,
      "55" : 0.007055485419303768,
      "56" : 0.0012124562761379478,
      "57" : 0.002752015218528518,
      "58" : 4.897865689708514E-4,
      "59" : 0.003425721285751088,
      "60" : 0.006850889188824151,
      "61" : 0.013508152075455688,
      "62" : 0.00806841889685603,
      "63" : 0.0034778708700711823
    }
  },
  "perfectSamplingOutput" : {
    "avgSteps" : 104.8863,
    "sigma" : 59.31852506252156,
    "distance" : 1.3818654250662092E-4,
    "statisticalTest" : {
      "name" : "ZTest",
      "confidence" : 0.95,
      "maxError" : 0.01,
      "currentError" : 0.009999924532827616,
      "samplesSize" : 12287,
      "stdDev" : 59.31852408607178,
      "mean" : 104.88630259623993
    }
  },
  "dumbSamplingOutputs" : [ {
    "sigmas" : -2.0,
    "steps" : -14,
    "distance" : 0.0015829194314921592
  }, {
    "sigmas" : -1.0,
    "steps" : 46,
    "distance" : 1.5148187601818992E-4
  }, {
    "sigmas" : 0.0,
    "steps" : 105,
    "distance" : 1.2685566528676195E-4
  }, {
    "sigmas" : 1.0,
    "steps" : 164,
    "distance" : 1.441857575057124E-4
  }, {
    "sigmas" : 2.0,
    "steps" : 224,
    "distance" : 1.464941561581232E-4
  } ],
  "forwardCouplingOutput" : {
    "avgSteps" : 106.14137,
    "sigma" : 60.35229335607991
  },
  "dtmcGeneratorOutput" : {
    "p" : {
      "rowMajor" : false,
      "columnMajor" : true
    }
  }
}