{
  "fileName" : "15.json",
  "config" : {
    "seed" : 603237307,
    "description" : "single random value with forward coupling",
    "dtmcGeneratorConfig" : {
      "edgesNumberDistribution" : {
        "n" : 6,
        "distributionType" : "org.qesm.app.model.generator.distribution.SingleValueDistribution"
      },
      "edgesLocalityDistribution" : {
        "min" : -12,
        "max" : 12,
        "distributionType" : "org.qesm.app.model.generator.distribution.UniformDistribution"
      },
      "selfLoopValue" : null,
      "connectSCCs" : false,
      "n" : 64
    },
    "perfectSamplingConfig" : {
      "statisticalTestConfig" : {
        "confidence" : 0.95,
        "error" : 0.01,
        "testClass" : "org.qesm.app.model.test.ZTest"
      },
      "randomHelperClass" : "org.qesm.app.model.sampling.sampler.random.SingleRandomHelper",
      "pythonHistogramImage" : true,
      "pythonLastSequenceImage" : false,
      "enabled" : true
    },
    "forwardSamplingConfig" : {
      "enabled" : true,
      "randomHelperClass" : "org.qesm.app.model.sampling.sampler.random.SingleRandomHelper"
    },
    "dumbSamplingConfig" : {
      "enabled" : true,
      "sigmas" : [ -2.0, -1.0, 0.0, 1.0, 2.0 ]
    },
    "transientAnalysisConfig" : {
      "enabled" : true,
      "maxDistanceToSteadyState" : 1.0E-4
    }
  },
  "steadyStateAnalysisOutput" : {
    "steadyStateDistribution" : {
      "0" : 0.020796340997995502,
      "1" : 0.019715787388700324,
      "2" : 0.018095996487283047,
      "3" : 0.014481106735455836,
      "4" : 0.010728964780819892,
      "5" : 0.017862305943211004,
      "6" : 0.02206199350785553,
      "7" : 0.015114002964220538,
      "8" : 0.010877930299419407,
      "9" : 0.02019688575177588,
      "10" : 0.016575275049980475,
      "11" : 0.01149996656432904,
      "12" : 0.00816380079814647,
      "13" : 0.023035834448440873,
      "14" : 0.022014507997664943,
      "15" : 0.015201901285077158,
      "16" : 0.021625655507552875,
      "17" : 0.028597283191198485,
      "18" : 0.015245916520907957,
      "19" : 0.025064856029485556,
      "20" : 0.01283299629940106,
      "21" : 0.04110139122762356,
      "22" : 0.015530267249263895,
      "23" : 0.020920841382005367,
      "24" : 0.0018758089279638014,
      "25" : 0.007751297925332733,
      "26" : 0.012628537788279989,
      "27" : 0.013704982963640295,
      "28" : 0.027363304985775657,
      "29" : 0.013926925620633166,
      "30" : 0.010861346700592798,
      "31" : 0.019067143117739858,
      "32" : 0.00544672289334941,
      "33" : 0.012365369680558513,
      "34" : 0.01146040100260546,
      "35" : 0.02115206343042456,
      "36" : 0.009502008853884962,
      "37" : 0.012401492474311679,
      "38" : 0.006887752959280064,
      "39" : 0.016331328293946387,
      "40" : 0.01701716434617052,
      "41" : 0.019804394726024833,
      "42" : 0.012039685755689634,
      "43" : 0.014697808764314054,
      "44" : 0.011792002787040323,
      "45" : 0.02617730394930629,
      "46" : 0.013187785548320823,
      "47" : 0.00605907913182886,
      "48" : 0.0036870301876850706,
      "49" : 0.01110958154817705,
      "50" : 0.012934619049576396,
      "51" : 0.009087604212911049,
      "52" : 0.023852691227479458,
      "53" : 0.00876605004545463,
      "54" : 0.01629852504474498,
      "55" : 0.014660071556171462,
      "56" : 0.021660870732455546,
      "57" : 0.015393040097990345,
      "58" : 0.01859829799063416,
      "59" : 0.011431563631377954,
      "60" : 0.012558309670043058,
      "61" : 0.003524282152920079,
      "62" : 0.02182361525889631,
      "63" : 0.02377032655865291
    }
  },
  "perfectSamplingOutput" : {
    "avgSteps" : 74.79516,
    "sigma" : 40.601512597251556,
    "distance" : 1.424745369965454E-4,
    "statisticalTest" : {
      "name" : "ZTest",
      "confidence" : 0.95,
      "maxError" : 0.01,
      "currentError" : 0.009999411050798128,
      "samplesSize" : 11321,
      "stdDev" : 40.601513025491045,
      "mean" : 74.79515943821217
    }
  },
  "dumbSamplingOutputs" : [ {
    "sigmas" : -2.0,
    "steps" : -6,
    "distance" : 8.484287893609988E-4
  }, {
    "sigmas" : -1.0,
    "steps" : 34,
    "distance" : 1.2711026107916794E-4
  }, {
    "sigmas" : 0.0,
    "steps" : 75,
    "distance" : 1.1867212555460882E-4
  }, {
    "sigmas" : 1.0,
    "steps" : 115,
    "distance" : 1.112200637551946E-4
  }, {
    "sigmas" : 2.0,
    "steps" : 156,
    "distance" : 1.4376210277201168E-4
  } ],
  "forwardCouplingOutput" : {
    "avgSteps" : 74.778465,
    "sigma" : 39.78197647656278
  },
  "dtmcGeneratorOutput" : {
    "p" : {
      "rowMajor" : false,
      "columnMajor" : true
    }
  }
}