{
  "fileName" : "9.json",
  "config" : {
    "seed" : 152144637,
    "description" : "single random value with forward coupling",
    "dtmcGeneratorConfig" : {
      "edgesNumberDistribution" : {
        "n" : 8,
        "distributionType" : "org.qesm.app.model.generator.distribution.SingleValueDistribution"
      },
      "edgesLocalityDistribution" : {
        "min" : -8,
        "max" : 8,
        "distributionType" : "org.qesm.app.model.generator.distribution.UniformDistribution"
      },
      "selfLoopValue" : null,
      "connectSCCs" : false,
      "n" : 16
    },
    "perfectSamplingConfig" : {
      "statisticalTestConfig" : {
        "confidence" : 0.95,
        "error" : 0.01,
        "testClass" : "org.qesm.app.model.test.ZTest"
      },
      "randomHelperClass" : "org.qesm.app.model.sampling.sampler.random.SingleRandomHelper",
      "pythonHistogramImage" : true,
      "pythonLastSequenceImage" : false,
      "enabled" : true
    },
    "forwardSamplingConfig" : {
      "enabled" : true,
      "randomHelperClass" : "org.qesm.app.model.sampling.sampler.random.SingleRandomHelper"
    },
    "dumbSamplingConfig" : {
      "enabled" : true,
      "sigmas" : [ -2.0, -1.0, 0.0, 1.0, 2.0 ]
    },
    "transientAnalysisConfig" : {
      "enabled" : true,
      "maxDistanceToSteadyState" : 1.0E-4
    }
  },
  "steadyStateAnalysisOutput" : {
    "steadyStateDistribution" : {
      "0" : 0.06846538730546121,
      "1" : 0.05956366272125129,
      "2" : 0.076977834730402,
      "3" : 0.07833365300141726,
      "4" : 0.04811684427415078,
      "5" : 0.07622115918118644,
      "6" : 0.04461818935610275,
      "7" : 0.03565462097436569,
      "8" : 0.05242876216908912,
      "9" : 0.06246254386850366,
      "10" : 0.05496098668776064,
      "11" : 0.09713778941216429,
      "12" : 0.07369049786051535,
      "13" : 0.07340002555098633,
      "14" : 0.06399083639756847,
      "15" : 0.03397720650907471
    }
  },
  "perfectSamplingOutput" : {
    "avgSteps" : 9.268045,
    "sigma" : 5.598935311631059,
    "distance" : 4.5173583971839165E-4,
    "statisticalTest" : {
      "name" : "ZTest",
      "confidence" : 0.95,
      "maxError" : 0.01,
      "currentError" : 0.00999980126486249,
      "samplesSize" : 14020,
      "stdDev" : 5.598935300555482,
      "mean" : 9.268045649072754
    }
  },
  "dumbSamplingOutputs" : [ {
    "sigmas" : -2.0,
    "steps" : -2,
    "distance" : 0.004125054713868133
  }, {
    "sigmas" : -1.0,
    "steps" : 4,
    "distance" : 6.249940566403035E-4
  }, {
    "sigmas" : 0.0,
    "steps" : 9,
    "distance" : 5.297376597222292E-4
  }, {
    "sigmas" : 1.0,
    "steps" : 15,
    "distance" : 4.124454165560122E-4
  }, {
    "sigmas" : 2.0,
    "steps" : 20,
    "distance" : 4.603735390473522E-4
  } ],
  "forwardCouplingOutput" : {
    "avgSteps" : 10.332454,
    "sigma" : 5.658993875489215
  },
  "dtmcGeneratorOutput" : {
    "p" : [ 0.0, 0.3387178343006095, 0.1423820362247245, 0.0, 0.06148606348042841, 0.0, 0.028893955033511904, 0.0, 0.16959833060797944, 0.04153172601084696, 0.15403632307486984, 0.0, 0.0, 0.0, 0.06335373126702959, 0.0, 0.036810032350454096, 0.0946836125599448, 0.0, 0.0, 0.0, 0.24791035935135286, 0.2552304278301499, 0.0, 0.0, 0.09984984513986164, 0.0, 0.0, 0.0, 0.04594669015843707, 0.19754912159734578, 0.022019911012453913, 0.1626737964896995, 0.0, 0.0, 0.1565099101041878, 0.0, 0.22657453021147203, 0.11531308101595959, 0.0, 0.07202841516657102, 0.0, 0.08230123448427674, 0.0, 0.08125363038290996, 0.10334540214492324, 0.0, 0.0, 0.0, 0.0, 0.0, 0.0, 0.05605163070692861, 0.0, 0.0, 0.03387152594492668, 0.14223581511766795, 0.07711848312024784, 0.0, 0.2851377615850391, 0.30571111853979077, 0.0, 0.014080454782958898, 0.08579321020243996, 0.019514953217120216, 0.11051320543570652, 0.0360947969545148, 0.0, 0.009446416566503727, 0.0, 0.023596448200847442, 0.0, 0.0, 0.21223106190217386, 0.0, 0.0, 0.28707394761219074, 0.30152917011094266, 0.0, 0.0, 0.0, 0.1103742612340868, 0.23457521227750747, 0.0, 0.17549497733459662, 0.0, 0.0, 0.0, 0.07929651554927915, 0.0, 0.042430273012565176, 0.17395525113491273, 0.05258407600470354, 0.13128943345234864, 0.0, 0.0, 0.0, 0.2276585792125977, 0.0, 0.21765719578778236, 0.09514794294583859, 0.0, 0.08045382897398054, 0.0, 0.06117066384630645, 0.0, 0.016287185947919832, 0.24375136604895728, 0.0, 0.0, 0.057873237236617234, 0.0, 0.0, 0.19199188297918035, 0.0, 0.0, 0.10484551458120837, 0.0, 0.1601518265063186, 0.0, 0.06175651927255318, 0.0, 0.0, 0.19084012523807803, 0.13421285326254376, 0.07526007789741784, 0.0, 0.0809412002626999, 0.06497879429708521, 0.0, 0.0, 0.16247750728727695, 0.0, 0.0, 0.0, 0.09186416992591681, 0.03421115022601814, 0.0761229355567981, 0.14637403184309522, 0.2236821390241263, 0.0, 0.0, 0.2002892718396833, 0.0, 0.0, 0.0, 0.10843726340897249, 0.1981983487081625, 0.06421169032297931, 0.020807012229488733, 0.0, 0.19969681928343816, 0.0, 0.0, 0.16395092618186283, 0.05119379241203449, 0.0, 0.0, 0.19350414745306152, 0.0, 0.15361336402066939, 0.0, 0.025831096759023908, 0.0, 0.0748752155687775, 0.13868794371096857, 0.08543220633638, 0.10567990116169011, 0.0, 0.1936044184388516, 0.0, 0.0, 0.0, 0.2222758540036388, 0.0, 0.0, 0.07418973480728863, 0.0, 0.033194318437341636, 0.19074105388023738, 0.0, 0.114546271590854, 0.0, 0.0, 0.0, 0.0, 0.0, 0.0, 0.1636095178579269, 0.14090649033545985, 0.11349626030712778, 0.16931635278376386, 0.21031345381317748, 0.0, 0.25100308388034076, 0.14364515515107537, 0.0, 0.0, 0.0, 0.0, 0.04699532033769092, 0.11168296063706999, 0.0, 0.07892596907903894, 0.067704980040743, 0.0, 0.0, 0.08972907706086354, 0.039035700421663315, 0.0, 0.15764889570119817, 0.08940697256521676, 0.1293330956539639, 0.21734228014313414, 0.0, 0.0, 0.0, 0.0, 0.08582508787549814, 0.15054851195796856, 0.0, 0.13085945568135718, 0.0, 0.0, 0.1234323801142951, 0.0, 0.03306415852684375, 0.0, 0.0, 0.05367953362408215, 0.0, 0.0, 0.12343401184159702, 0.16929592446532746, 0.15477380349177505, 0.18864151556831774, 0.0, 0.0, 0.15367867236776164, 0.0, 0.2205472646347439, 0.0, 0.11808093186781346, 0.0, 0.002437986844516988, 0.1346994047293827, 0.10095771982232014, 0.2914651891411891, 0.0, 0.10959383267906621, 0.0, 0.0, 0.0, 0.0, 0.022217670280967584, 0.0 ]
  }
}