{
  "steadyStateDistribution" : {
    "0" : 0.01394978520763059,
    "1" : 0.016692388396495075,
    "2" : 0.01656849350479046,
    "3" : 0.010828035857925421,
    "4" : 0.016022105882249674,
    "5" : 0.014989926537101371,
    "6" : 0.006853985672364082,
    "7" : 0.020639354994714906,
    "8" : 0.017793141386653055,
    "9" : 0.019651847773130837,
    "10" : 0.023825091329161475,
    "11" : 0.025240693035633116,
    "12" : 0.017894758139290857,
    "13" : 0.016352486975940293,
    "14" : 0.016169348989836248,
    "15" : 0.014851837594827449,
    "16" : 0.01958717600421152,
    "17" : 0.025363339350811913,
    "18" : 0.022204691481287803,
    "19" : 0.01764900112795118,
    "20" : 0.01815220775900223,
    "21" : 0.026199721746446875,
    "22" : 0.014301208705586368,
    "23" : 0.013438476158673428,
    "24" : 0.011077584944751626,
    "25" : 0.02050395725342262,
    "26" : 0.016652939917892448,
    "27" : 0.01675581426103578,
    "28" : 0.010188140568000699,
    "29" : 0.013702424151998535,
    "30" : 0.01162821928437787,
    "31" : 0.010627026058327976,
    "32" : 0.015009221794703683,
    "33" : 0.019604953506432852,
    "34" : 0.009859261412361245,
    "35" : 0.014390008949863586,
    "36" : 0.01756025553217461,
    "37" : 0.012603869554059751,
    "38" : 0.013164995803354522,
    "39" : 0.013796071555316591,
    "40" : 0.01619008265850077,
    "41" : 0.010607904701141707,
    "42" : 0.008597050722915094,
    "43" : 0.01321062233699519,
    "44" : 0.014258701200509611,
    "45" : 0.022050762144570583,
    "46" : 0.00705047701559478,
    "47" : 0.020810940187352953,
    "48" : 0.013369980924083213,
    "49" : 0.006880142353041449,
    "50" : 0.024590443071117123,
    "51" : 0.021894137026403627,
    "52" : 0.009896160736294658,
    "53" : 0.01782446420219244,
    "54" : 0.012633849702042541,
    "55" : 0.016370584913014564,
    "56" : 0.013101046924942742,
    "57" : 0.01775518648282946,
    "58" : 0.0074379394318105745,
    "59" : 0.01613098331498774,
    "60" : 0.01089718451072305,
    "61" : 0.019872186047684644,
    "62" : 0.012341032290406824,
    "63" : 0.013884288941053724
  },
  "transientAnalysis" : {
    "0" : [ 0.015625, 0.015625, 0.015625, 0.015625, 0.015625, 0.015625, 0.015625, 0.015625, 0.015625, 0.015625, 0.015625, 0.015625, 0.015625, 0.015625, 0.015625, 0.015625, 0.015625, 0.015625, 0.015625, 0.015625, 0.015625, 0.015625, 0.015625, 0.015625, 0.015625, 0.015625, 0.015625, 0.015625, 0.015625, 0.015625, 0.015625, 0.015625, 0.015625, 0.015625, 0.015625, 0.015625, 0.015625, 0.015625, 0.015625, 0.015625, 0.015625, 0.015625, 0.015625, 0.015625, 0.015625, 0.015625, 0.015625, 0.015625, 0.015625, 0.015625, 0.015625, 0.015625, 0.015625, 0.015625, 0.015625, 0.015625, 0.015625, 0.015625, 0.015625, 0.015625, 0.015625, 0.015625, 0.015625, 0.015625 ],
    "1" : [ 0.013893508795669966, 0.015147034198415081, 0.016498563060785062, 0.012443392375223565, 0.014582615346283353, 0.013700936669253589, 0.006210536890739485, 0.016638924960696494, 0.017531174250284835, 0.015563018103641857, 0.020219438091420322, 0.02195236850602683, 0.017598336156876813, 0.015286619311490106, 0.0157455776567819, 0.015168695009768803, 0.01810518241986204, 0.02279610363389992, 0.019783945269718578, 0.015880635432501823, 0.016139908325493276, 0.02159900051659024, 0.014873714114678924, 0.011168290635595983, 0.010284292303261836, 0.020671015950625253, 0.015564606307660862, 0.016266276717354512, 0.01132263214708879, 0.013912521501714178, 0.011759317737158043, 0.010055890568805922, 0.016614803931997407, 0.022716125661386512, 0.011335452849430685, 0.01598519323839442, 0.01955518038579929, 0.015493213149016572, 0.01565673897327646, 0.01357192992547476, 0.017841494077644016, 0.0120235641114734, 0.0105107388495269, 0.015157150494641176, 0.015516743349735237, 0.022971664478567404, 0.00973745412440553, 0.020155160651597257, 0.013535934553295836, 0.00869868966682057, 0.025921042798912414, 0.022200713739740495, 0.01146223539503847, 0.020565969173800897, 0.010819773747323357, 0.01763066519828422, 0.012679866263777262, 0.0173269599589442, 0.00870651636342115, 0.016760560102202324, 0.010575006606211999, 0.02284548908982212, 0.013811710699182099, 0.013252185425487312 ],
    "2" : [ 0.012889114526629455, 0.01577472812586461, 0.016304084260739288, 0.010675356559602138, 0.015654856176551452, 0.014114090961477303, 0.006429156697515524, 0.01976479746804972, 0.017114576472250793, 0.01784880032189565, 0.02174874804207365, 0.02259229419516282, 0.016626131432902154, 0.014724932979515534, 0.015025189024200192, 0.013657931883853204, 0.017742297628215643, 0.02319774047769145, 0.020535020856854536, 0.016387942264858794, 0.01721558231077426, 0.024788218809850122, 0.014615956720685287, 0.012572425046235656, 0.01078983358912497, 0.02032771550228004, 0.015961356966089458, 0.01711033271761666, 0.010500417273959258, 0.014059006590721675, 0.011929063394521896, 0.010513332508570604, 0.01610166855204117, 0.020677798696047116, 0.009898875528033334, 0.01583299638004341, 0.01871711249198051, 0.014107471344381613, 0.014210127404474408, 0.0147239911611173, 0.017542675006116486, 0.011776807095922097, 0.009430528234351629, 0.014220880573617633, 0.015460083484932422, 0.02345741536190102, 0.007787820879331214, 0.02181284142782712, 0.01459995280503046, 0.007085388448370139, 0.026061086269621184, 0.023720704866320254, 0.011059836007488584, 0.018795170264434086, 0.012663911282664024, 0.017235886722818224, 0.01387604066950753, 0.018754889229378388, 0.007775544340815959, 0.016174084424886635, 0.011720090647996919, 0.01905987874553928, 0.012502692344532506, 0.013964717522143573 ],
    "3" : [ 0.013668335790620233, 0.016254009137404355, 0.016473503810723947, 0.010454950133793028, 0.015513532387659238, 0.014231893275045105, 0.006412925468264833, 0.019362659282296257, 0.017015480620272458, 0.01843885739550342, 0.022115136678292877, 0.02392682755048438, 0.016828836712058353, 0.015230542680520012, 0.015302442094219139, 0.013925692035125588, 0.018543539413991835, 0.023998699555507347, 0.020925378148405973, 0.016591096746113337, 0.017217386499829398, 0.025205413738025657, 0.014146310507533318, 0.012714475445109783, 0.010584601151870073, 0.020458052438981855, 0.015967327033251398, 0.01666284931886262, 0.010617511830369766, 0.014065817775659795, 0.011774979150855161, 0.010711678070220033, 0.01557933474536047, 0.0203672342827459, 0.010079812056891473, 0.015250081306457731, 0.01820700105486652, 0.013383284628942973, 0.014100384897927767, 0.014692921272893053, 0.01730671737899054, 0.011262593549687184, 0.009203883071310308, 0.01388980136146393, 0.015234162981218253, 0.023594163706129292, 0.007572226406422314, 0.022121605188079443, 0.014294943531980926, 0.007266916067515129, 0.02613337785228126, 0.022845002358712105, 0.010505217479087397, 0.018505756144846966, 0.013033638634012258, 0.016874347731428846, 0.013726582252875902, 0.018519649124923997, 0.007685973728824556, 0.0164896612820981, 0.011219211625430044, 0.01969594032006783, 0.0121199532156939, 0.013897878883963094 ],