{
  "steadyStateDistribution" : {
    "0" : 0.0896059561824162,
    "1" : 0.11156305669017744,
    "2" : 0.045529672212756576,
    "3" : 0.06088966876810212,
    "4" : 0.005313060638751308,
    "5" : 0.029613496443042172,
    "6" : 0.012280565813474528,
    "7" : 0.05646608143200796,
    "8" : 0.03479250577223816,
    "9" : 0.03313124402633779,
    "10" : 0.07363299530758245,
    "11" : 0.05651817085544008,
    "12" : 0.045344072841908833,
    "13" : 0.16602570195569527,
    "14" : 0.03413721522952256,
    "15" : 0.1451565358305466
  },
  "transientAnalysis" : {
    "0" : [ 0.0625, 0.0625, 0.0625, 0.0625, 0.0625, 0.0625, 0.0625, 0.0625, 0.0625, 0.0625, 0.0625, 0.0625, 0.0625, 0.0625, 0.0625, 0.0625 ],
    "1" : [ 0.03816704541374977, 0.10889586238617428, 0.06549174713809199, 0.08523059358500318, 0.009544190122314094, 0.04135456112134393, 0.02662248240057623, 0.05944907659060962, 0.07474923696852488, 0.044702045761479556, 0.11536834078217381, 0.05995698284288827, 0.030811593571926466, 0.09309472526691794, 0.04699409835950431, 0.0995674176887217 ],
    "2" : [ 0.05782817903524451, 0.10058802824396479, 0.0601781303805589, 0.05599767351954811, 0.01141473486600817, 0.0417464021988187, 0.02028914137915954, 0.08075602811339844, 0.041476436883038904, 0.041764370606151235, 0.10079452667258054, 0.051988266094660604, 0.036245779209090896, 0.14902656297156217, 0.031156226722485664, 0.11874951310372889 ],
    "3" : [ 0.0806279995998136, 0.09669272424044723, 0.04890598030133699, 0.05965087374126987, 0.006333743987326142, 0.03578807575466034, 0.017386668110468323, 0.06913067495999158, 0.03794050629154224, 0.04490157426193006, 0.08434422606981583, 0.0579892828794463, 0.0405258378552453, 0.1669234247591612, 0.03276638916597795, 0.12009201802156717 ],
    "4" : [ 0.08761777194733858, 0.10369788107677166, 0.04667496431477889, 0.05862434670665084, 0.0057937824861333306, 0.03289487889736205, 0.014454630039498817, 0.06252987501545625, 0.03734541844790619, 0.04168946392172332, 0.0801679881258806, 0.05992636067262058, 0.041607666070493314, 0.1652686216847186, 0.03240202823517142, 0.12930432235749567 ],
    "5" : [ 0.08802240744656897, 0.10672511674449703, 0.04551749815593031, 0.06023511115044636, 0.005702908381827084, 0.03137681371095264, 0.013248799291911173, 0.05937299593913963, 0.03717594149770862, 0.0384397821931335, 0.07681697726283557, 0.05831184778366055, 0.043241655241680506, 0.1652814248456698, 0.03245232389116846, 0.1380783964628699 ],
    "6" : [ 0.0885136150869686, 0.10903115964726479, 0.045516771717583525, 0.060195767155884025, 0.005677028058082516, 0.030545855184459462, 0.012652499504098528, 0.05816175065077456, 0.0360784141707066, 0.03613072929660288, 0.07538968833719774, 0.05766674310382456, 0.044753364858169234, 0.16573951029175513, 0.033037898048603034, 0.1409092048880249 ],
    "7" : [ 0.08908180950620936, 0.10982371605897104, 0.045384537381386265, 0.06053619867839359, 0.005509427906509036, 0.03009895464850296, 0.012444516696075885, 0.057321358951593265, 0.03562415854799398, 0.0348361029546344, 0.07459711203410554, 0.05736905374709822, 0.04494608956477698, 0.1658336508327088, 0.033826160631132196, 0.1427671518599086 ],
    "8" : [ 0.08924683895162284, 0.11073737666589345, 0.045401078366120194, 0.06061990052889874, 0.005440059874072246, 0.029846262589008524, 0.012341861829087723, 0.056941675665216254, 0.03533408280584999, 0.03406946811485612, 0.07431432220665249, 0.056978942481215725, 0.04512426990296784, 0.1659235503182183, 0.03389621480659733, 0.14378409489372232 ],
    "9" : [ 0.08943138045091979, 0.11100575016740993, 0.04543377600688063, 0.060732135287387974, 0.005395763265545948, 0.02971546621638408, 0.012306769772624319, 0.05675677798773575, 0.035086266026131276, 0.03366164216194956, 0.07401849757622657, 0.056786625900726306, 0.04520821779749647, 0.16604427902298405, 0.03399295483180687, 0.14442369752779055 ],
    "10" : [ 0.08952578382324822, 0.11125216200108304, 0.04544990612453073, 0.06078978374672693, 0.005357919898167787, 0.029662432357453306, 0.012290150476086394, 0.05663289180488931, 0.034961266746352214, 0.0334367253858655, 0.07384843199756186, 0.056677375372751124, 0.04527841492156257, 0.1660814526587468, 0.034044269864470136, 0.1447110328205042 ],
    "11" : [ 0.08958076643610091, 0.1113736851744293, 0.04547745761727021, 0.060829359877625666, 0.005338831627905968, 0.029632005027559985, 0.012281120830594744, 0.05655749802761023, 0.034888819009936164, 0.03330646696014293, 0.07375525904787947, 0.056619440644480226, 0.045300190577430795, 0.16606486849865118, 0.03408459675735598, 0.14490963388502637 ],
    "12" : [ 0.0895928276934037, 0.11145901882816386, 0.0454929416644172, 0.060855934844485995, 0.005327768348381391, 0.029621491593015078, 0.012278724428574195, 0.056516114814317286, 0.034849999570225186, 0.03323054444917972, 0.073700533736396, 0.05657451716432132, 0.04532113880739205, 0.1660545632936707, 0.03410230049910344, 0.14502158026495302 ],
    "13" : [ 0.08960191851738736, 0.11150278150995294, 0.04550781671071712, 0.060869005266757585, 0.005321840346572698, 0.029615587917429884, 0.01227794655596701, 0.05649406498343024, 0.034824061725664573, 0.033186914381699274, 0.07367008310499207, 0.056551782854327534, 0.045332361947428096, 0.16604501358527943, 0.03411679287695189, 0.14508202771544249 ],
    "14" : [ 0.08960473811890596, 0.11152882817537903, 0.04551542458429914, 0.06087827533342423, 0.005317879455055106, 0.02961401568173525, 0.01227849891346311, 0.056480934745025635, 0.03481080600285747, 0.033162371253009824, 0.07365305143834466, 0.05653765416534654, 0.04533780559607142, 0.1660379798132775, 0.034126072860844396, 0.1451156638629609 ]
  }
}