{
  "steadyStateDistribution" : {
    "0" : 0.0896059561824162,
    "1" : 0.11156305669017744,
    "2" : 0.045529672212756576,
    "3" : 0.06088966876810212,
    "4" : 0.005313060638751308,
    "5" : 0.029613496443042172,
    "6" : 0.012280565813474528,
    "7" : 0.05646608143200796,
    "8" : 0.03479250577223816,
    "9" : 0.03313124402633779,
    "10" : 0.07363299530758245,
    "11" : 0.05651817085544008,
    "12" : 0.045344072841908833,
    "13" : 0.16602570195569527,
    "14" : 0.03413721522952256,
    "15" : 0.1451565358305466
  },
  "transientAnalysis" : {
    "0" : [ 0.0625, 0.0625, 0.0625, 0.0625, 0.0625, 0.0625, 0.0625, 0.0625, 0.0625, 0.0625, 0.0625, 0.0625, 0.0625, 0.0625, 0.0625, 0.0625 ],
    "1" : [ 0.03816704541374977, 0.10889586238617428, 0.06549174713809199, 0.08523059358500318, 0.009544190122314094, 0.04135456112134393, 0.02662248240057623, 0.05944907659060962, 0.07474923696852488, 0.044702045761479556, 0.11536834078217381, 0.05995698284288827, 0.030811593571926466, 0.09309472526691794, 0.04699409835950431, 0.0995674176887217 ],
    "2" : [ 0.05782817903524451, 0.10058802824396479, 0.0601781303805589, 0.05599767351954811, 0.01141473486600817, 0.0417464021988187, 0.02028914137915954, 0.08075602811339844, 0.041476436883038904, 0.041764370606151235, 0.10079452667258054, 0.051988266094660604, 0.036245779209090896, 0.14902656297156217, 0.031156226722485664, 0.11874951310372889 ],
    "3" : [ 0.0806279995998136, 0.09669272424044723, 0.04890598030133699, 0.05965087374126987, 0.006333743987326142, 0.03578807575466034, 0.017386668110468323, 0.06913067495999158, 0.03794050629154224, 0.04490157426193006, 0.08434422606981583, 0.0579892828794463, 0.0405258378552453, 0.1669234247591612, 0.03276638916597795, 0.12009201802156717 ],
    "4" : [ 0.08761777194733858, 0.10369788107677166, 0.04667496431477889, 0.05862434670665084, 0.0057937824861333306, 0.03289487889736205, 0.014454630039498817, 0.06252987501545625, 0.03734541844790619, 0.04168946392172332, 0.0801679881258806, 0.05992636067262058, 0.041607666070493314, 0.1652686216847186, 0.03240202823517142, 0.12930432235749567 ],
    "5" : [ 0.08802240744656897, 0.10672511674449703, 0.04551749815593031, 0.06023511115044636, 0.005702908381827084, 0.03137681371095264, 0.013248799291911173, 0.05937299593913963, 0.03717594149770862, 0.0384397821931335, 0.07681697726283557, 0.05831184778366055, 0.043241655241680506, 0.1652814248456698, 0.03245232389116846, 0.1380783964628699 ],
    "6" : [ 0.0885136150869686, 0.10903115964726479, 0.045516771717583525, 0.060195767155884025, 0.005677028058082516, 0.030545855184459462, 0.012652499504098528, 0.05816175065077456, 0.0360784141707066, 0.03613072929660288, 0.07538968833719774, 0.05766674310382456, 0.044753364858169234, 0.16573951029175513, 0.033037898048603034, 0.1409092048880249 ],
    "7" : [ 0.08908180950620936, 0.10982371605897104, 0.045384537381386265, 0.06053619867839359, 0.005509427906509036, 0.03009895464850296, 0.012444516696075885, 0.057321358951593265, 0.03562415854799398, 0.0348361029546344, 0.07459711203410554, 0.05736905374709822, 0.04494608956477698, 0.1658336508327088, 0.033826160631132196, 0.1427671518599086 ],
    "8" : [ 0.08924683895162284, 0.11073737666589345, 0.045401078366120194, 0.06061990052889874, 0.005440059874072246, 0.029846262589008524, 0.012341861829087723, 0.056941675665216254, 0.03533408280584999, 0.03406946811485612, 0.07431432220665249, 0.056978942481215725, 0.04512426990296784, 0.1659235503182183, 0.03389621480659733, 0.14378409489372232 ],
    "9" : [ 0.08943138045091979, 0.11100575016740993, 0.04543377600688063, 0.060732135287387974, 0.005395763265545948, 0.02971546621638408, 0.012306769772624319, 0.05675677798773575, 0.035086266026131276, 0.03366164216194956, 0.07401849757622657, 0.056786625900726306, 0.04520821779749647, 0.16604427902298405, 0.03399295483180687, 0.14442369752779055 ]
  }
}