{
  "fileName" : "2.json",
  "config" : {
    "seed" : -246720600,
    "description" : "N random values with forward coupling",
    "dtmcGeneratorConfig" : {
      "edgesNumberDistribution" : {
        "n" : 2,
        "distributionType" : "org.qesm.app.model.generator.distribution.SingleValueDistribution"
      },
      "edgesLocalityDistribution" : {
        "min" : -4,
        "max" : 4,
        "distributionType" : "org.qesm.app.model.generator.distribution.UniformDistribution"
      },
      "selfLoopValue" : null,
      "connectSCCs" : false,
      "n" : 16
    },
    "perfectSamplingConfig" : {
      "statisticalTestConfig" : {
        "confidence" : 0.95,
        "error" : 0.01,
        "testClass" : "org.qesm.app.model.test.ZTest"
      },
      "randomHelperClass" : "org.qesm.app.model.sampling.sampler.random.NRandomHelper",
      "pythonHistogramImage" : true,
      "pythonLastSequenceImage" : false,
      "enabled" : true
    },
    "forwardSamplingConfig" : {
      "enabled" : true,
      "randomHelperClass" : "org.qesm.app.model.sampling.sampler.random.NRandomHelper"
    },
    "dumbSamplingConfig" : {
      "enabled" : true,
      "sigmas" : [ -2.0, -1.0, 0.0, 1.0, 2.0 ]
    },
    "transientAnalysisConfig" : {
      "enabled" : true,
      "maxDistanceToSteadyState" : 1.0E-4
    }
  },
  "steadyStateAnalysisOutput" : {
    "steadyStateDistribution" : {
      "0" : 0.08238802487251642,
      "1" : 0.010683193856871191,
      "2" : 0.009355993501850868,
      "3" : 0.0441903940979856,
      "4" : 0.012922834547989571,
      "5" : 0.022721571988857853,
      "6" : 0.03668382292435515,
      "7" : 0.02202864950889593,
      "8" : 0.020603516551760376,
      "9" : 0.018555426392876637,
      "10" : 0.022013586998401384,
      "11" : 0.09441863788031664,
      "12" : 0.10368212174547002,
      "13" : 0.2117438035584216,
      "14" : 0.20633988682636203,
      "15" : 0.08166853474706866
    }
  },
  "perfectSamplingOutput" : {
    "avgSteps" : 63.47133,
    "sigma" : 36.2620164809762,
    "distance" : 4.889436817574424E-4,
    "statisticalTest" : {
      "name" : "ZTest",
      "confidence" : 0.95,
      "maxError" : 0.01,
      "currentError" : 0.009999792661741993,
      "samplesSize" : 12539,
      "stdDev" : 36.26201644381989,
      "mean" : 63.471329452109416
    }
  },
  "dumbSamplingOutputs" : [ {
    "sigmas" : -2.0,
    "steps" : -9,
    "distance" : 0.015813321290567936
  }, {
    "sigmas" : -1.0,
    "steps" : 27,
    "distance" : 0.0011851705993226808
  }, {
    "sigmas" : 0.0,
    "steps" : 63,
    "distance" : 5.146582676577696E-4
  }, {
    "sigmas" : 1.0,
    "steps" : 100,
    "distance" : 4.4275061643416554E-4
  }, {
    "sigmas" : 2.0,
    "steps" : 136,
    "distance" : 6.330801446249541E-4
  } ],
  "forwardCouplingOutput" : {
    "avgSteps" : 64.68482,
    "sigma" : 36.46661135478937
  },
  "dtmcGeneratorOutput" : {
    "p" : [ 0.0, 0.0, 0.0, 0.0, 0.0, 0.0, 0.0, 0.0, 0.0, 0.0, 0.0, 0.0, 0.18250940919558425, 0.8174905908044158, 0.0, 0.0, 0.0, 0.0, 0.0, 0.0, 0.0, 0.505833443112506, 0.0, 0.0, 0.0, 0.0, 0.0, 0.0, 0.0, 0.0, 0.4941665568874939, 0.0, 0.6447714762322206, 0.0, 0.3552285237677793, 0.0, 0.0, 0.0, 0.0, 0.0, 0.0, 0.0, 0.0, 0.0, 0.0, 0.0, 0.0, 0.0, 0.3260443593822338, 0.0, 0.0, 0.0, 0.0, 0.0, 0.6739556406177662, 0.0, 0.0, 0.0, 0.0, 0.0, 0.0, 0.0, 0.0, 0.0, 0.0, 0.0, 0.0, 0.0, 0.0, 0.0, 0.08907725962584696, 0.0, 0.910922740374153, 0.0, 0.0, 0.0, 0.0, 0.0, 0.0, 0.0, 0.0, 0.0, 0.0, 0.0, 0.568747380433301, 0.0, 0.0, 0.0, 0.0, 0.431252619566699, 0.0, 0.0, 0.0, 0.0, 0.0, 0.0, 0.0, 0.0, 0.0, 0.7612929009589507, 0.0, 0.0, 0.0, 0.0, 0.0, 0.2387070990410493, 0.0, 0.0, 0.0, 0.0, 0.0, 0.0, 0.0, 0.0, 0.0, 0.7382776742201624, 0.0, 0.0, 0.0, 0.2617223257798375, 0.0, 0.0, 0.0, 0.0, 0.0, 0.0, 0.0, 0.0, 0.0, 0.0, 0.0, 0.0, 0.0, 0.3685798750299636, 0.0, 0.0, 0.0, 0.0, 0.0, 0.0, 0.6314201249700364, 0.0, 0.0, 0.0, 0.0, 0.0, 0.0, 0.0, 0.0, 0.5240307333872726, 0.0, 0.0, 0.4759692666127274, 0.0, 0.0, 0.0, 0.0, 0.0, 0.0, 0.0, 0.0, 0.0, 0.0, 0.0, 0.0, 0.0, 0.26121716888665847, 0.7387828311133416, 0.0, 0.0, 0.0, 0.0, 0.0, 0.0, 0.0, 0.0, 0.0, 0.0, 0.0, 0.0, 0.0, 0.0, 0.0, 0.0, 0.0, 0.0, 0.13503799058624213, 0.0, 0.0, 0.0, 0.0, 0.8649620094137579, 0.0, 0.0, 0.0, 0.0, 0.0, 0.0, 0.0, 0.0, 0.0, 0.0, 0.08934504530968591, 0.9106549546903141, 0.0, 0.0, 0.0, 0.0, 0.0, 0.050453395458741834, 0.0, 0.0, 0.0, 0.0, 0.0, 0.0, 0.0, 0.0, 0.0, 0.0, 0.0, 0.0, 0.9495466045412582, 0.0, 0.3002207636583253, 0.0, 0.0, 0.0, 0.0, 0.0, 0.0, 0.0, 0.0, 0.0, 0.0, 0.0, 0.0, 0.6997792363416747, 0.0, 0.0, 0.0, 0.0, 0.07386538475914056, 0.0, 0.0, 0.0, 0.0, 0.0, 0.0, 0.0, 0.0, 0.0, 0.9261346152408595, 0.0, 0.0, 0.0 ]
  }
}