{
  "fileName" : "23.json",
  "config" : {
    "seed" : -808389234,
    "description" : "N random values with forward coupling",
    "dtmcGeneratorConfig" : {
      "edgesNumberDistribution" : {
        "n" : 8,
        "distributionType" : "org.qesm.app.model.generator.distribution.SingleValueDistribution"
      },
      "edgesLocalityDistribution" : {
        "min" : -8,
        "max" : 8,
        "distributionType" : "org.qesm.app.model.generator.distribution.UniformDistribution"
      },
      "selfLoopValue" : null,
      "connectSCCs" : false,
      "n" : 256
    },
    "perfectSamplingConfig" : {
      "statisticalTestConfig" : {
        "confidence" : 0.95,
        "error" : 0.01,
        "testClass" : "org.qesm.app.model.test.ZTest"
      },
      "randomHelperClass" : "org.qesm.app.model.sampling.sampler.random.NRandomHelper",
      "pythonHistogramImage" : true,
      "pythonLastSequenceImage" : false,
      "enabled" : true
    },
    "forwardSamplingConfig" : {
      "enabled" : true,
      "randomHelperClass" : "org.qesm.app.model.sampling.sampler.random.NRandomHelper"
    },
    "dumbSamplingConfig" : {
      "enabled" : true,
      "sigmas" : [ -2.0, -1.0, 0.0, 1.0, 2.0 ]
    },
    "transientAnalysisConfig" : {
      "enabled" : true,
      "maxDistanceToSteadyState" : 1.0E-4
    }
  },
  "steadyStateAnalysisOutput" : {
    "steadyStateDistribution" : {
      "0" : 0.006602371653864559,
      "1" : 0.00809401212510103,
      "2" : 0.011015789307066226,
      "3" : 0.007626146272477138,
      "4" : 0.009117461430853593,
      "5" : 0.004493611269080432,
      "6" : 0.0067525958185472796,
      "7" : 0.007064874120778466,
      "8" : 0.006973816637908484,
      "9" : 0.004977260809329019,
      "10" : 0.009131275512500417,
      "11" : 0.00426055547587363,
      "12" : 0.004776841001118129,
      "13" : 0.008706991599786723,
      "14" : 0.006763341837397733,
      "15" : 0.005409839373601053,
      "16" : 0.005307253610884326,
      "17" : 0.0024652161775437042,
      "18" : 0.005487000852654957,
      "19" : 0.004323769969725551,
      "20" : 0.004544317846337935,
      "21" : 0.005574681507391105,
      "22" : 0.00707037758347489,
      "23" : 0.003625983247290659,
      "24" : 0.002869409969626212,
      "25" : 0.0027602500692737097,
      "26" : 0.004717589677570045,
      "27" : 0.0035140646903480386,
      "28" : 0.002327069416711406,
      "29" : 0.002039765853000516,
      "30" : 0.0028894373961413956,
      "31" : 0.004027689382573228,
      "32" : 0.0023411381918619825,
      "33" : 0.0012804023621006055,
      "34" : 0.0013520398978891473,
      "35" : 0.0037096273257408363,
      "36" : 0.0030587341819158127,
      "37" : 0.002985560608288249,
      "38" : 0.004034026124619542,
      "39" : 0.002732832442977688,
      "40" : 0.00398603146647931,
      "41" : 0.002562276542324227,
      "42" : 0.0029972239333339265,
      "43" : 0.0031509095050319628,
      "44" : 0.004036318238099034,
      "45" : 0.0029138134240840824,
      "46" : 0.002691160260897784,
      "47" : 0.0032443839427818747,
      "48" : 0.003021570026174868,
      "49" : 0.0038488828900772164,
      "50" : 0.0027418142796838316,
      "51" : 0.0018240289996466522,
      "52" : 0.0038655666547912364,
      "53" : 0.004039026813944781,
      "54" : 0.004259050191158118,
      "55" : 0.0019387949612933457,
      "56" : 0.004346028344706433,
      "57" : 0.0036290893779594275,
      "58" : 0.002449503823276967,
      "59" : 0.0033975957047301902,
      "60" : 0.005108921143781347,
      "61" : 0.0041083155863161835,
      "62" : 0.0032059475993286,
      "63" : 0.005510104300977867,
      "64" : 0.002775599653063152,
      "65" : 0.0034687661039253586,
      "66" : 0.0030942746739945548,
      "67" : 0.0037851254449128885,
      "68" : 0.004646871959382053,
      "69" : 0.004753855263942466,
      "70" : 0.0041004688172335615,
      "71" : 0.002900808230588921,
      "72" : 0.0023290141373908343,
      "73" : 0.0035275251101799803,
      "74" : 0.002207309892381889,
      "75" : 0.00347005055470333,
      "76" : 0.005165082654215315,
      "77" : 0.001482089058143771,
      "78" : 0.004286740890986101,
      "79" : 0.0017703949377814686,
      "80" : 0.0016404738211232663,
      "81" : 0.0015586370686540534,
      "82" : 0.0018514664690414259,
      "83" : 0.002555006295374728,
      "84" : 0.0026123277874562536,
      "85" : 0.001958946816729341,
      "86" : 0.004808215326265485,
      "87" : 4.558961540308124E-4,
      "88" : 0.001958276058736204,
      "89" : 0.0021536241565182205,
      "90" : 0.003195374448486262,
      "91" : 0.004744485969333132,
      "92" : 0.0035522224296585924,
      "93" : 0.005004482814382531,
      "94" : 0.0038036418319706525,
      "95" : 0.007012180171436804,
      "96" : 0.008891844796646805,
      "97" : 0.004699407695433758,
      "98" : 0.003583121694097966,
      "99" : 0.004667963011501087,
      "100" : 0.005235039846217559,
      "101" : 0.009493918141244685,
      "102" : 0.005718025735305499,
      "103" : 0.007005249447628683,
      "104" : 0.007031464426752248,
      "105" : 0.00580460490074171,
      "106" : 0.007459591658290922,
      "107" : 0.005803548906721556,
      "108" : 0.006123585459076322,
      "109" : 0.005900780442356191,
      "110" : 0.006334217847411733,
      "111" : 0.00794036895510793,
      "112" : 0.005882280031379613,
      "113" : 0.0032637918514087073,
      "114" : 0.0046921624232597065,
      "115" : 0.004289186244333682,
      "116" : 0.005607923841216226,
      "117" : 0.0019381986877676238,
      "118" : 0.003883150669666703,
      "119" : 0.004055638745414841,
      "120" : 0.004718997992754896,
      "121" : 0.004065704613079702,
      "122" : 0.004581213649313825,
      "123" : 0.006294071447190621,
      "124" : 0.00656822136618031,
      "125" : 0.006287224210164552,
      "126" : 0.006254483978695343,
      "127" : 0.0046102343949005345,
      "128" : 0.0020046666159022515,
      "129" : 0.004523388737693241,
      "130" : 0.0032894596790727475,
      "131" : 0.008602261554030415,
      "132" : 0.0011903097843068919,
      "133" : 0.00460860323467169,
      "134" : 0.006375091404751027,
      "135" : 0.0039444526750932705,
      "136" : 0.0034708957351087246,
      "137" : 0.001902037352743579,
      "138" : 0.006289872419384835,
      "139" : 0.003042993907527532,
      "140" : 0.004691426861965737,
      "141" : 0.003983988876035191,
      "142" : 0.004299998069606862,
      "143" : 0.0021726716009842413,
      "144" : 0.004700509133448041,
      "145" : 0.00232826931956415,
      "146" : 0.0041308026939919276,
      "147" : 0.0012538014324930834,
      "148" : 0.0032576255070641733,
      "149" : 0.0024489045888853997,
      "150" : 0.002213004115407722,
      "151" : 0.0017824398287281168,
      "152" : 0.0016672894777845309,
      "153" : 0.0014913567056876215,
      "154" : 0.0011893457028204467,
      "155" : 0.0037063683450566857,
      "156" : 0.0036245381217728558,
      "157" : 0.0019865869354403,
      "158" : 0.004735591357588302,
      "159" : 0.0016987678958274987,
      "160" : 0.005760045432567465,
      "161" : 0.006219415353632382,
      "162" : 0.005729884259185966,
      "163" : 0.0026510692450098846,
      "164" : 0.004815409029060291,
      "165" : 0.0013230056917356628,
      "166" : 0.002196851679361853,
      "167" : 0.0025245336247174724,
      "168" : 0.003685194092387603,
      "169" : 0.0023383409438692787,
      "170" : 0.0022566041405771902,
      "171" : 0.0024813299095167397,
      "172" : 0.0021538187362617803,
      "173" : 0.0029529506122629836,
      "174" : 0.0026501125206132192,
      "175" : 0.0026550033632696647,
      "176" : 0.002791228594686831,
      "177" : 0.002419968080255269,
      "178" : 9.342994548007158E-4,
      "179" : 0.0027344098421633266,
      "180" : 0.003342565336578684,
      "181" : 0.0032820620850368427,
      "182" : 0.0022448294811226862,
      "183" : 0.0020118699480426465,
      "184" : 0.0024294185193439646,