{
  "fileName" : "24.json",
  "config" : {
    "seed" : 98971507,
    "description" : "N random values with forward coupling",
    "dtmcGeneratorConfig" : {
      "edgesNumberDistribution" : {
        "n" : 8,
        "distributionType" : "org.qesm.app.model.generator.distribution.SingleValueDistribution"
      },
      "edgesLocalityDistribution" : {
        "min" : -16,
        "max" : 16,
        "distributionType" : "org.qesm.app.model.generator.distribution.UniformDistribution"
      },
      "selfLoopValue" : null,
      "connectSCCs" : false,
      "n" : 256
    },
    "perfectSamplingConfig" : {
      "statisticalTestConfig" : {
        "confidence" : 0.95,
        "error" : 0.01,
        "testClass" : "org.qesm.app.model.test.ZTest"
      },
      "randomHelperClass" : "org.qesm.app.model.sampling.sampler.random.NRandomHelper",
      "pythonHistogramImage" : true,
      "pythonLastSequenceImage" : false,
      "enabled" : true
    },
    "forwardSamplingConfig" : {
      "enabled" : true,
      "randomHelperClass" : "org.qesm.app.model.sampling.sampler.random.NRandomHelper"
    },
    "dumbSamplingConfig" : {
      "enabled" : true,
      "sigmas" : [ -2.0, -1.0, 0.0, 1.0, 2.0 ]
    },
    "transientAnalysisConfig" : {
      "enabled" : true,
      "maxDistanceToSteadyState" : 1.0E-4
    }
  },
  "steadyStateAnalysisOutput" : {
    "steadyStateDistribution" : {
      "0" : 0.004170569648928754,
      "1" : 0.0037005354256493326,
      "2" : 0.003542243420640475,
      "3" : 0.0023689034111852433,
      "4" : 0.004369215347686623,
      "5" : 0.0011784624566115892,
      "6" : 0.005033759208582355,
      "7" : 0.005274951849694205,
      "8" : 0.005141962398426959,
      "9" : 0.006484440788149794,
      "10" : 0.005883686563746971,
      "11" : 0.0030901084851825793,
      "12" : 0.004365830403663235,
      "13" : 0.004835315723486488,
      "14" : 0.0020977481643310062,
      "15" : 0.006015947332363158,
      "16" : 0.002121760429606072,
      "17" : 0.004536319560692879,
      "18" : 0.004952852279441663,
      "19" : 0.002926759102591827,
      "20" : 0.006104246517125467,
      "21" : 0.00320906423263849,
      "22" : 0.002832677608019673,
      "23" : 0.005397812382942974,
      "24" : 0.0046838155815279794,
      "25" : 0.0038576022430502135,
      "26" : 0.006168425794142866,
      "27" : 0.001882011866742923,
      "28" : 0.004866755567911162,
      "29" : 0.0037529909149699213,
      "30" : 0.004321361311437491,
      "31" : 0.004534737385839706,
      "32" : 0.0032286926037365486,
      "33" : 0.004042720340667396,
      "34" : 0.0033641754427323114,
      "35" : 0.0036421467683967093,
      "36" : 0.00544609688567547,
      "37" : 0.005665280497470706,
      "38" : 0.005835473736032191,
      "39" : 0.002219626554438,
      "40" : 0.0037666988436584753,
      "41" : 0.0055089777497801425,
      "42" : 0.005675710018886549,
      "43" : 0.001034378136736555,
      "44" : 0.0037899303088311225,
      "45" : 0.004341433911651318,
      "46" : 0.0046415790278818226,
      "47" : 0.004206977206261362,
      "48" : 0.0011091611643002468,
      "49" : 0.0034674503744807914,
      "50" : 0.0029982404986978197,
      "51" : 0.0013890323510272944,
      "52" : 0.007905053928517685,
      "53" : 0.0061085179914907315,
      "54" : 0.002954962820074741,
      "55" : 0.005802453857741466,
      "56" : 0.002063173641723621,
      "57" : 0.0019743025953545615,
      "58" : 0.0044539078767436326,
      "59" : 0.0049337961265521575,
      "60" : 0.006047748092889825,
      "61" : 0.0041617907687911725,
      "62" : 0.0058959213838474436,
      "63" : 0.003967071946109615,
      "64" : 0.003279362048785593,
      "65" : 0.0036236087575746236,
      "66" : 0.0105293908881491,
      "67" : 0.0043389825632451145,
      "68" : 0.003455693349347017,
      "69" : 0.00421047311934173,
      "70" : 0.008282443289352029,
      "71" : 0.0055067678132517915,
      "72" : 0.00921307886818166,
      "73" : 0.009254552062258638,
      "74" : 0.004880786300846878,
      "75" : 0.005766309323831906,
      "76" : 6.677192527868349E-4,
      "77" : 0.0038124697080325134,
      "78" : 0.01070253533322351,
      "79" : 0.006754315887518459,
      "80" : 0.0036998578606049918,
      "81" : 0.01332427701785402,
      "82" : 0.008947937223462534,
      "83" : 0.007944236773027342,
      "84" : 0.008859583391549438,
      "85" : 0.0033933141231342005,
      "86" : 0.010458384969821535,
      "87" : 0.006977298504617141,
      "88" : 0.005461059372295877,
      "89" : 0.006205956400584047,
      "90" : 0.001818480348624268,
      "91" : 0.0025316599645711993,
      "92" : 0.008467536325178545,
      "93" : 0.003240240328261799,
      "94" : 0.005264698403722177,
      "95" : 0.006987579238684144,
      "96" : 0.0023438589967204487,
      "97" : 0.006386776234293696,
      "98" : 0.003664155157208418,
      "99" : 0.002742509792126725,
      "100" : 0.0047388323774550855,
      "101" : 0.002566805732260344,
      "102" : 0.0035738917867422235,
      "103" : 0.005875119051044464,
      "104" : 0.004434562610979043,
      "105" : 0.007285370632212714,
      "106" : 0.004568946729278613,
      "107" : 0.004178908288178509,
      "108" : 0.006467001860842251,
      "109" : 0.0039617380867464184,
      "110" : 0.004056390000951283,
      "111" : 0.0039867754667379076,
      "112" : 0.008180884348125665,
      "113" : 0.003518816802604259,
      "114" : 0.007940269485946847,
      "115" : 0.007579547351950685,
      "116" : 0.005294840589040917,
      "117" : 0.001628624973678622,
      "118" : 0.00602134361496641,
      "119" : 0.004404993779926197,
      "120" : 0.0033754575342376833,
      "121" : 0.006016524200101276,
      "122" : 0.004361993731112172,
      "123" : 0.004069520597141775,
      "124" : 0.003572282340692339,
      "125" : 0.009114640204777338,
      "126" : 0.0036961172549754943,
      "127" : 0.0026911371777896048,
      "128" : 0.0025832834612634762,
      "129" : 0.004979920583366116,
      "130" : 0.003456019462326351,
      "131" : 0.0029730307377515393,
      "132" : 0.006358614826133955,
      "133" : 0.002973144383100929,
      "134" : 0.001777432984990731,
      "135" : 0.0018288364460748699,
      "136" : 0.0039331469303029686,
      "137" : 0.006039254457890111,
      "138" : 0.0025017933412740797,
      "139" : 0.00534010667638854,
      "140" : 0.0026713867815203836,
      "141" : 0.0039261887072967305,
      "142" : 0.0017097797074769913,
      "143" : 0.003274478324984251,
      "144" : 0.0025075189368713485,
      "145" : 0.0020054470521267353,
      "146" : 0.0021427593646969304,
      "147" : 0.0024864285557788498,
      "148" : 0.0030863984785470516,
      "149" : 0.0028339853432497153,
      "150" : 0.0025251067251169843,
      "151" : 0.0018230830732579421,
      "152" : 0.004176045497218225,
      "153" : 0.002125743166696006,
      "154" : 0.0017744508292652423,
      "155" : 2.6073458028891283E-4,
      "156" : 0.0023853505573298885,
      "157" : 4.8050152792524344E-4,
      "158" : 0.0024213453672627325,
      "159" : 0.003480994090746742,
      "160" : 0.0014326166526386734,
      "161" : 0.00344211531173628,
      "162" : 0.00213461283579101,
      "163" : 0.0024328645332587825,
      "164" : 0.002573178748633788,
      "165" : 0.0014858334519133097,
      "166" : 0.0028575958413162967,
      "167" : 0.0031501287233738863,
      "168" : 0.0023640524909197104,
      "169" : 4.793485274629952E-4,
      "170" : 0.0045665291677644765,
      "171" : 0.003851424885394778,
      "172" : 0.0010439984700559512,
      "173" : 0.002242257708073789,
      "174" : 0.0025677830186902873,
      "175" : 0.003617493619494707,
      "176" : 0.002142606253814539,
      "177" : 0.003153019372682717,
      "178" : 0.0031880228905975102,
      "179" : 0.003900693150808227,
      "180" : 0.0016018400552625987,
      "181" : 0.003159938107295414,
      "182" : 0.0028630547026468113,
      "183" : 0.002382738387611282,