{
  "fileName" : "4.json",
  "config" : {
    "seed" : 1481446201,
    "description" : "N random values with forward coupling",
    "dtmcGeneratorConfig" : {
      "edgesNumberDistribution" : {
        "n" : 4,
        "distributionType" : "org.qesm.app.model.generator.distribution.SingleValueDistribution"
      },
      "edgesLocalityDistribution" : {
        "min" : -2,
        "max" : 2,
        "distributionType" : "org.qesm.app.model.generator.distribution.UniformDistribution"
      },
      "selfLoopValue" : null,
      "connectSCCs" : false,
      "n" : 16
    },
    "perfectSamplingConfig" : {
      "statisticalTestConfig" : {
        "confidence" : 0.95,
        "error" : 0.01,
        "testClass" : "org.qesm.app.model.test.ZTest"
      },
      "randomHelperClass" : "org.qesm.app.model.sampling.sampler.random.NRandomHelper",
      "pythonHistogramImage" : true,
      "pythonLastSequenceImage" : false,
      "enabled" : true
    },
    "forwardSamplingConfig" : {
      "enabled" : true,
      "randomHelperClass" : "org.qesm.app.model.sampling.sampler.random.NRandomHelper"
    },
    "dumbSamplingConfig" : {
      "enabled" : true,
      "sigmas" : [ -2.0, -1.0, 0.0, 1.0, 2.0 ]
    },
    "transientAnalysisConfig" : {
      "enabled" : true,
      "maxDistanceToSteadyState" : 1.0E-4
    }
  },
  "steadyStateAnalysisOutput" : {
    "steadyStateDistribution" : {
      "0" : 0.01623816039182418,
      "1" : 0.1039426354322014,
      "2" : 0.06926301079353914,
      "3" : 0.08449175073255348,
      "4" : 0.12894577010169977,
      "5" : 0.1032360709776363,
      "6" : 0.015171737412102341,
      "7" : 0.029622779812472303,
      "8" : 0.04782450829692941,
      "9" : 0.07336539977493223,
      "10" : 0.08423918554565347,
      "11" : 0.1012276056371125,
      "12" : 0.06806402910151257,
      "13" : 0.038212866353699027,
      "14" : 0.026855235236269575,
      "15" : 0.009299254399862423
    }
  },
  "perfectSamplingOutput" : {
    "avgSteps" : 53.640896,
    "sigma" : 35.186688813619824,
    "distance" : 0.0016819623895586177,
    "statisticalTest" : {
      "name" : "ZTest",
      "confidence" : 0.95,
      "maxError" : 0.01,
      "currentError" : 0.009999863084367103,
      "samplesSize" : 16530,
      "stdDev" : 35.1866894293609,
      "mean" : 53.64089534180278
    }
  },
  "dumbSamplingOutputs" : [ {
    "sigmas" : -2.0,
    "steps" : -17,
    "distance" : 0.00901476252479586
  }, {
    "sigmas" : -1.0,
    "steps" : 18,
    "distance" : 0.0013976417848254256
  }, {
    "sigmas" : 0.0,
    "steps" : 54,
    "distance" : 5.842603890966806E-4
  }, {
    "sigmas" : 1.0,
    "steps" : 89,
    "distance" : 4.958618997447681E-4
  }, {
    "sigmas" : 2.0,
    "steps" : 124,
    "distance" : 4.763115817822543E-4
  } ],
  "forwardCouplingOutput" : {
    "avgSteps" : 55.09982,
    "sigma" : 35.143706077230554
  },
  "dtmcGeneratorOutput" : {
    "p" : [ 0.194460883540593, 0.31517876196715006, 0.0, 0.0, 0.0, 0.0, 0.0, 0.0, 0.0, 0.0, 0.0, 0.0, 0.0, 0.0, 0.2594198839295049, 0.23094047056275196, 0.09892417036501482, 0.45243264108469333, 0.16053173717559466, 0.28811145137469724, 0.0, 0.0, 0.0, 0.0, 0.0, 0.0, 0.0, 0.0, 0.0, 0.0, 0.0, 0.0, 0.015322646251485553, 0.29648777571390067, 0.361915069362104, 0.0, 0.32627450867250996, 0.0, 0.0, 0.0, 0.0, 0.0, 0.0, 0.0, 0.0, 0.0, 0.0, 0.0, 0.0, 0.341169027560656, 0.17792679892630392, 0.3147546765374548, 0.1661494969755852, 0.0, 0.0, 0.0, 0.0, 0.0, 0.0, 0.0, 0.0, 0.0, 0.0, 0.0, 0.0, 0.0, 0.09675575129036029, 0.05295330129793453, 0.38683554553931665, 0.4634554018723886, 0.0, 0.0, 0.0, 0.0, 0.0, 0.0, 0.0, 0.0, 0.0, 0.0, 0.0, 0.0, 0.0, 0.20460299477930508, 0.3146436401032587, 0.39408776623587194, 0.0, 0.08666559888156425, 0.0, 0.0, 0.0, 0.0, 0.0, 0.0, 0.0, 0.0, 0.0, 0.0, 0.0, 0.0, 0.6555197106486427, 0.009440810848177739, 0.29034092077243157, 0.0, 0.04469855773074801, 0.0, 0.0, 0.0, 0.0, 0.0, 0.0, 0.0, 0.0, 0.0, 0.0, 0.0, 0.0, 0.08939576847554848, 0.3634622162509471, 0.06690007826151204, 0.0, 0.4802419370119924, 0.0, 0.0, 0.0, 0.0, 0.0, 0.0, 0.0, 0.0, 0.0, 0.0, 0.0, 0.0, 0.0, 0.2710083745407634, 0.2572279983385268, 0.2808109113343239, 0.1909527157863859, 0.0, 0.0, 0.0, 0.0, 0.0, 0.0, 0.0, 0.0, 0.0, 0.0, 0.0, 0.0, 0.07814522060894814, 0.47494528868499675, 0.0, 0.011285794778175326, 0.4356236959278798, 0.0, 0.0, 0.0, 0.0, 0.0, 0.0, 0.0, 0.0, 0.0, 0.0, 0.0, 0.0, 0.0, 0.43230989123401015, 0.006490326281786875, 0.32676509516952695, 0.23443468731467607, 0.0, 0.0, 0.0, 0.0, 0.0, 0.0, 0.0, 0.0, 0.0, 0.0, 0.0, 0.0, 0.09179533250605995, 0.48074120252943225, 0.20904354391383548, 0.21841992105067226, 0.0, 0.0, 0.0, 0.0, 0.0, 0.0, 0.0, 0.0, 0.0, 0.0, 0.0, 0.0, 0.0, 0.36829965294996975, 0.24749392509055124, 0.13139705599712811, 0.2528093659623509, 0.0, 0.0, 0.0, 0.0, 0.0, 0.0, 0.0, 0.0, 0.0, 0.0, 0.0, 0.0, 0.0, 0.09774358126983629, 0.09962981821633128, 0.38912833645747263, 0.4134982640563597, 0.0, 0.060833602485816825, 0.0, 0.0, 0.0, 0.0, 0.0, 0.0, 0.0, 0.0, 0.0, 0.0, 0.0, 0.5010107808443464, 0.0, 0.2547652102142615, 0.1833904064555754, 0.0110805745399763, 0.2619636505134199, 0.0, 0.0, 0.0, 0.0, 0.0, 0.0, 0.0, 0.0, 0.0, 0.0, 0.0, 0.6598306630160342, 0.0, 0.06712511193056948 ]
  }
}