{
  "fileName" : "6.json",
  "config" : {
    "seed" : -459913962,
    "description" : "N random values with forward coupling",
    "dtmcGeneratorConfig" : {
      "edgesNumberDistribution" : {
        "n" : 4,
        "distributionType" : "org.qesm.app.model.generator.distribution.SingleValueDistribution"
      },
      "edgesLocalityDistribution" : {
        "min" : -8,
        "max" : 8,
        "distributionType" : "org.qesm.app.model.generator.distribution.UniformDistribution"
      },
      "selfLoopValue" : null,
      "connectSCCs" : false,
      "n" : 16
    },
    "perfectSamplingConfig" : {
      "statisticalTestConfig" : {
        "confidence" : 0.95,
        "error" : 0.01,
        "testClass" : "org.qesm.app.model.test.ZTest"
      },
      "randomHelperClass" : "org.qesm.app.model.sampling.sampler.random.NRandomHelper",
      "pythonHistogramImage" : true,
      "pythonLastSequenceImage" : false,
      "enabled" : true
    },
    "forwardSamplingConfig" : {
      "enabled" : true,
      "randomHelperClass" : "org.qesm.app.model.sampling.sampler.random.NRandomHelper"
    },
    "dumbSamplingConfig" : {
      "enabled" : true,
      "sigmas" : [ -2.0, -1.0, 0.0, 1.0, 2.0 ]
    },
    "transientAnalysisConfig" : {
      "enabled" : true,
      "maxDistanceToSteadyState" : 1.0E-4
    }
  },
  "steadyStateAnalysisOutput" : {
    "steadyStateDistribution" : {
      "0" : 0.06898669479931137,
      "1" : 0.010535197150934856,
      "2" : 0.09900190933877528,
      "3" : 0.012607164055473786,
      "4" : 0.05733392275952301,
      "5" : 0.02422404436190508,
      "6" : 0.03226851792618446,
      "7" : 0.05283804974568783,
      "8" : 0.040785237193481975,
      "9" : 0.1233651193381895,
      "10" : 0.09245420133452247,
      "11" : 0.12311919361640282,
      "12" : 0.04184274389185669,
      "13" : 0.10961149182272933,
      "14" : 0.028445083090892973,
      "15" : 0.08258142957412859
    }
  },
  "perfectSamplingOutput" : {
    "avgSteps" : 26.880882,
    "sigma" : 15.829465655614793,
    "distance" : 5.775952012351267E-4,
    "statisticalTest" : {
      "name" : "ZTest",
      "confidence" : 0.95,
      "maxError" : 0.01,
      "currentError" : 0.009999304799572556,
      "samplesSize" : 13323,
      "stdDev" : 15.829465665246984,
      "mean" : 26.880882684080163
    }
  },
  "dumbSamplingOutputs" : [ {
    "sigmas" : -2.0,
    "steps" : -5,
    "distance" : 0.009275145842429765
  }, {
    "sigmas" : -1.0,
    "steps" : 11,
    "distance" : 5.544333457585125E-4
  }, {
    "sigmas" : 0.0,
    "steps" : 27,
    "distance" : 5.509824978828174E-4
  }, {
    "sigmas" : 1.0,
    "steps" : 43,
    "distance" : 4.405860201516413E-4
  }, {
    "sigmas" : 2.0,
    "steps" : 59,
    "distance" : 4.952748270576813E-4
  } ],
  "forwardCouplingOutput" : {
    "avgSteps" : 27.970802,
    "sigma" : 15.709864837296289
  },
  "dtmcGeneratorOutput" : {
    "p" : [ 0.0, 0.0, 0.269244641470522, 0.0, 0.0, 0.0, 0.1160934864176909, 0.21706855935277833, 0.0, 0.0, 0.0, 0.0, 0.0, 0.3975933127590087, 0.0, 0.0, 0.0, 0.0, 0.0, 0.0, 0.0, 0.0, 0.32730024459307716, 0.0, 0.12390642616345147, 0.2147196585435619, 0.0, 0.0, 0.0, 0.0, 0.33407367069990945, 0.0, 0.0, 0.0, 0.4333474877492857, 0.0, 0.0, 0.054839676428878784, 0.0, 0.0, 0.0, 0.0, 0.0, 0.4100095233559319, 0.10180331246590367, 0.0, 0.0, 0.0, 0.0, 0.18173080126669056, 0.0, 0.22157333861267933, 0.0, 0.0, 0.0, 0.4384276683920749, 0.0, 0.15826819172855522, 0.0, 0.0, 0.0, 0.0, 0.0, 0.0, 0.0, 0.0, 0.0, 0.0, 0.0, 0.1289554358556137, 0.0, 0.26491661020544316, 0.0, 0.0, 0.0, 0.2368134741451585, 0.0, 0.0, 0.0, 0.36931447979378473, 0.0, 0.2746710036674496, 0.0, 0.0, 0.0, 0.2409340373309524, 0.0, 0.3963006952837594, 0.0, 0.0, 0.0, 0.08809426371783863, 0.0, 0.0, 0.0, 0.0, 0.4849101642125809, 0.0, 0.0, 0.0, 0.0, 0.1724558250022854, 0.0, 0.170833056249478, 0.0, 0.0, 0.0, 0.0, 0.0, 0.0, 0.17180095453565572, 0.0, 0.0, 0.030100364326817192, 0.0, 0.18573268075749907, 0.0, 0.0, 0.0, 0.0, 0.0, 0.3150495909512955, 0.4691173639643883, 0.0, 0.0, 0.0, 0.0, 0.0, 0.17655798840148326, 0.0, 0.0, 0.0, 0.45218094208231324, 0.0, 0.0, 0.0, 0.0, 0.21412789843141686, 0.0, 0.0, 0.0, 0.0, 0.15713317108478653, 0.0, 0.2642172866553022, 0.0, 0.30418146505485616, 0.0, 0.0, 0.0, 0.0, 0.0, 0.0, 0.0, 0.18279313927828594, 0.0, 0.0, 0.24880810901155576, 0.0, 0.0, 0.0, 0.0, 0.0, 0.0, 0.0, 0.0, 0.0, 0.0, 0.2012267196253936, 0.19419053299741867, 0.0, 0.3296460971892097, 0.0, 0.0, 0.0, 0.2749366501879781, 0.0, 0.0, 0.0, 0.0, 0.3158858878128837, 0.0, 0.0, 0.0, 0.0, 0.04135007565422863, 0.0, 0.2951518399661542, 0.0, 0.34761219656673364, 0.0, 0.0, 0.3236691640736753, 0.0, 0.0, 0.0, 0.0, 0.0, 0.3205960664051754, 0.0, 0.0, 0.045691161820954264, 0.0, 0.0, 0.0, 0.0, 0.3100436077001949, 0.0, 0.0, 0.0, 0.0, 0.0, 0.0, 0.0, 0.0, 0.0, 0.0, 0.30155282089196067, 0.16656526129939214, 0.0, 0.28978733025631165, 0.0, 0.0, 0.2420945875523355, 0.0, 0.0, 0.0, 0.0, 0.0, 0.0, 0.26003862541718553, 0.07152849982192054, 0.0, 0.3629014097845667, 0.0, 0.0, 0.0, 0.30553146497632727, 0.0, 0.0, 0.0, 0.0, 0.0, 0.0, 0.0, 0.0, 0.0, 0.0, 0.25278810288349135, 0.3075128619818026, 0.3252449205733246, 0.0, 0.0, 0.0, 0.0, 0.11445411456138144 ]
  }
}