{
  "fileName" : "8.json",
  "config" : {
    "seed" : 149943839,
    "description" : "N random values with forward coupling",
    "dtmcGeneratorConfig" : {
      "edgesNumberDistribution" : {
        "n" : 8,
        "distributionType" : "org.qesm.app.model.generator.distribution.SingleValueDistribution"
      },
      "edgesLocalityDistribution" : {
        "min" : -4,
        "max" : 4,
        "distributionType" : "org.qesm.app.model.generator.distribution.UniformDistribution"
      },
      "selfLoopValue" : null,
      "connectSCCs" : false,
      "n" : 16
    },
    "perfectSamplingConfig" : {
      "statisticalTestConfig" : {
        "confidence" : 0.95,
        "error" : 0.01,
        "testClass" : "org.qesm.app.model.test.ZTest"
      },
      "randomHelperClass" : "org.qesm.app.model.sampling.sampler.random.NRandomHelper",
      "pythonHistogramImage" : true,
      "pythonLastSequenceImage" : false,
      "enabled" : true
    },
    "forwardSamplingConfig" : {
      "enabled" : true,
      "randomHelperClass" : "org.qesm.app.model.sampling.sampler.random.NRandomHelper"
    },
    "dumbSamplingConfig" : {
      "enabled" : true,
      "sigmas" : [ -2.0, -1.0, 0.0, 1.0, 2.0 ]
    },
    "transientAnalysisConfig" : {
      "enabled" : true,
      "maxDistanceToSteadyState" : 1.0E-4
    }
  },
  "steadyStateAnalysisOutput" : {
    "steadyStateDistribution" : {
      "0" : 0.04755459715689002,
      "1" : 0.06576766637891449,
      "2" : 0.06739732745610931,
      "3" : 0.0674058711048401,
      "4" : 0.08218648835438966,
      "5" : 0.08433044556180432,
      "6" : 0.05530699249884267,
      "7" : 0.051006564911623024,
      "8" : 0.10810162682620866,
      "9" : 0.05397731875047134,
      "10" : 0.06436191255842316,
      "11" : 0.04690104762802102,
      "12" : 0.05034423236515237,
      "13" : 0.04020209470088878,
      "14" : 0.06646947603326742,
      "15" : 0.04868633771415366
    }
  },
  "perfectSamplingOutput" : {
    "avgSteps" : 30.469257,
    "sigma" : 17.93094301897969,
    "distance" : 4.215357420044115E-4,
    "statisticalTest" : {
      "name" : "ZTest",
      "confidence" : 0.95,
      "maxError" : 0.01,
      "currentError" : 0.009999959254626328,
      "samplesSize" : 13304,
      "stdDev" : 17.930942865326372,
      "mean" : 30.469257366205653
    }
  },
  "dumbSamplingOutputs" : [ {
    "sigmas" : -2.0,
    "steps" : -5,
    "distance" : 0.00422432532038861
  }, {
    "sigmas" : -1.0,
    "steps" : 13,
    "distance" : 5.257724390099129E-4
  }, {
    "sigmas" : 0.0,
    "steps" : 30,
    "distance" : 5.063512238343481E-4
  }, {
    "sigmas" : 1.0,
    "steps" : 48,
    "distance" : 5.290837000667044E-4
  }, {
    "sigmas" : 2.0,
    "steps" : 66,
    "distance" : 5.333645635762509E-4
  } ],
  "forwardCouplingOutput" : {
    "avgSteps" : 31.43889,
    "sigma" : 17.740265378067924
  },
  "dtmcGeneratorOutput" : {
    "p" : [ 0.07678078682078546, 0.14671305006742516, 0.1264735499560056, 0.19803315756956594, 0.04637825000348841, 0.0, 0.0, 0.0, 0.0, 0.0, 0.0, 0.0, 0.18412041241773547, 0.0, 0.1371522549730211, 0.08434853819197284, 0.17930643051667014, 0.08533707366246818, 0.16436234033734126, 0.16981423197348566, 0.1778819262713455, 0.027308112965354597, 0.0, 0.0, 0.0, 0.0, 0.0, 0.0, 0.0, 0.11328364215176119, 0.08270624212157346, 0.0, 0.024196620618320713, 0.14322448277055358, 0.0, 0.1249570292974669, 0.21008294229430113, 0.09617041703823788, 0.06520677999528747, 0.0, 0.0, 0.0, 0.0, 0.0, 0.0, 0.0, 0.13209268307217278, 0.20406904491365963, 0.09080570378800958, 0.23201765993843057, 0.09933527487610234, 0.23277642124392692, 0.08581529784994825, 0.17084908032165616, 0.0, 0.03214911673711689, 0.0, 0.0, 0.0, 0.0, 0.0, 0.0, 0.0, 0.056251445244809205, 0.009609389808125283, 0.025116811753295585, 0.04785693310505269, 0.0, 0.24185791776428894, 0.17992503162748197, 0.2880100396343224, 0.10176874762895957, 0.1058551286784735, 0.0, 0.0, 0.0, 0.0, 0.0, 0.0, 0.0, 0.0, 0.0015225617245603446, 0.15497776459100993, 0.10784751149954709, 0.08468724602354365, 0.21011703246993707, 0.0, 0.06315639521162612, 0.170866351895263, 0.2068251365845128, 0.0, 0.0, 0.0, 0.0, 0.0, 0.0, 0.0, 0.0, 0.16032802104155913, 0.1521549987095184, 0.0365688304713601, 0.07729161784724942, 0.1519600261419336, 0.0, 0.17336838262517282, 0.10761014585698966, 0.1407179773062168, 0.0, 0.0, 0.0, 0.0, 0.0, 0.0, 0.0, 0.0, 0.015731680314676016, 0.2165423375734121, 0.024875672975064874, 0.1059159624377274, 0.0983563253820227, 0.25479220499846505, 0.25741022317757256, 0.02637559314105937, 0.0, 0.0, 0.0, 0.0, 0.0, 0.0, 0.0, 0.0, 0.0, 0.07633435033456004, 0.18765299905136226, 0.0, 0.17197486867547204, 0.13271244198332774, 0.023628154985049495, 0.16735487503162974, 0.13260227071225286, 0.10774003922634588, 0.0, 0.0, 0.0, 0.0, 0.0, 0.0, 0.0, 0.0, 0.11487678805138359, 0.06631110242564066, 0.06518294677085427, 0.294929406666077, 0.0, 0.12379422609118666, 0.26917200191958324, 0.04217010897468953, 0.02356341910058508, 0.0, 0.0, 0.0, 0.0, 0.0, 0.0, 0.0, 0.0, 0.1531268833303443, 0.04359889679265727, 0.22274324387901767, 0.0, 0.1386913419989661, 0.21431085156776133, 0.0021622411966883744, 0.12720043619388652, 0.09816610504067835, 0.0, 0.0, 0.0, 0.0, 0.0, 0.0, 0.0, 0.0, 0.1112429799840992, 0.14351914047026484, 0.048520234117008974, 0.1902346654926308, 0.0, 0.1725807012220634, 0.0685675788211071, 0.14102219876204616, 0.12431250113077957, 0.13602467634909476, 0.0, 0.0, 0.0, 0.0, 0.0, 0.0, 0.0, 0.21997876894426907, 0.12189320135477147, 0.14710123683716575, 0.020508903127038885, 0.11342840005680824, 0.0, 0.09894122595589823, 0.14212358737495365, 0.08613344695034322, 0.18890985534346355, 0.0, 0.0, 0.0, 0.0, 0.0, 0.0, 0.0, 0.16138329689755326, 0.1294991578707702, 0.07103582733785145, 0.16735221563370548, 0.0, 0.09268733225903608, 0.10299886770727693, 0.07616764920193263, 0.25595104654344614, 0.14072604936874844, 0.0, 0.0, 0.0, 0.0, 0.0, 0.0, 0.0, 0.0, 0.005349721207123052, 0.0499716487769336, 0.18608299744873016, 0.2313251746488197, 0.05442571280426631, 0.16833754362174821, 0.02230403204213072, 0.17774259075329663, 0.0902809332848201, 0.0, 0.0, 0.0, 0.0, 0.0, 0.0, 0.0, 0.0, 0.07542179675632817, 0.15832387739715625, 0.17642547347811927, 0.13116375266640054 ]
  }
}