{
  "steadyStateDistribution" : {
    "0" : 0.08848085832084386,
    "1" : 4.332707181266636E-4,
    "2" : 0.07093483853134944,
    "3" : 0.012021022053518222,
    "4" : 0.02420299121559947,
    "5" : 0.08397415801977703,
    "6" : 0.04381883236033205,
    "7" : 0.0386349450093763,
    "8" : 0.04533921301040074,
    "9" : 0.16212336468957558,
    "10" : 0.03945018395118235,
    "11" : 0.022720251962865975,
    "12" : 0.18907440157616306,
    "13" : 0.01865923650685041,
    "14" : 0.1140251046884509,
    "15" : 0.046107327385588016
  },
  "transientAnalysis" : {
    "0" : [ 0.0625, 0.0625, 0.0625, 0.0625, 0.0625, 0.0625, 0.0625, 0.0625, 0.0625, 0.0625, 0.0625, 0.0625, 0.0625, 0.0625, 0.0625, 0.0625 ],
    "1" : [ 0.05542712748029571, 0.0022526720076177778, 0.02344805733220033, 0.031042191093332474, 0.03915333516348614, 0.11383553692227073, 0.07385369795871856, 0.028755085136040647, 0.033744914863959356, 0.08931830200587086, 0.10344296886555827, 0.08739636866623507, 0.07295366891335386, 0.051328756546546825, 0.13864977839067943, 0.05539753865383393 ],
    "2" : [ 0.10365336311878268, 0.0011188459988971514, 0.02736994898039492, 0.019446484993379688, 0.018013719775775646, 0.06237491725466593, 0.046305265064434, 0.052373608891308696, 0.061461928030962044, 0.10675257278297748, 0.09737090318721957, 0.028881601787210186, 0.08174857797870361, 0.07177515088514293, 0.16024629897881842, 0.06110681229132704 ],
    "3" : [ 0.12393226667962487, 7.009048382583297E-4, 0.030669525492327866, 0.008946965305301917, 0.03280962340228395, 0.08735735604279429, 0.07639851779907961, 0.028697536896182554, 0.03367738035848338, 0.13676165236323837, 0.07906061883908161, 0.030609406364048394, 0.09418087562054675, 0.023719307308960373, 0.15569020150594998, 0.056787861183837725 ],
    "4" : [ 0.11561695783918922, 3.2247325274209715E-4, 0.03533373713835854, 0.016295721589663546, 0.017977668487403925, 0.05071530442095245, 0.0361535937139975, 0.04019149136431944, 0.04716586467847486, 0.16869306467364908, 0.06290175456998909, 0.028136197000365022, 0.1132457759720298, 0.025138284276712976, 0.17926704554005823, 0.06284506548209419 ],
    "5" : [ 0.13466911234231038, 5.873426539034839E-4, 0.042486295161946706, 0.008929059529577184, 0.025178094913720923, 0.05970330342161402, 0.04767865789227384, 0.0233331663411953, 0.027382138079757153, 0.1837751569290438, 0.055525071819031144, 0.03072301609943299, 0.13739365641989942, 0.023107136095638678, 0.13717448416474468, 0.062354308135910294 ],
    "6" : [ 0.10144556282198895, 3.2182787930610054E-4, 0.051545829325030976, 0.012505331738844596, 0.01461714051491509, 0.05793626857944415, 0.030793018796780855, 0.02746837716466205, 0.03223492625695198, 0.2055024915372367, 0.04590964303895474, 0.030727535936426312, 0.15918420170065592, 0.025231587419894952, 0.1510849342630644, 0.05349132302584224 ],
    "7" : [ 0.11211491277676355, 4.5072657206510994E-4, 0.05972096460572034, 0.007259969105633384, 0.017207657240401, 0.06819857929518269, 0.03552962841306879, 0.026655397367462932, 0.03128087121198122, 0.19935369532524366, 0.0417176272522721, 0.026193546130520523, 0.18222275499691726, 0.025235299381697517, 0.11457125553877581, 0.05228711478629415 ],
    "8" : [ 0.08627749165979072, 2.6166926688688316E-4, 0.06836431370238737, 0.008546614149201503, 0.016698363312706917, 0.07454783774908993, 0.03475250862738968, 0.031376895260639956, 0.03682168403454274, 0.2010518812864624, 0.03498468252654873, 0.025728329000954394, 0.19595389009285044, 0.021511714438787705, 0.1203719096420523, 0.04275021524970837 ],
    "9" : [ 0.09137388974312635, 3.0804349526106006E-4, 0.07351580878983743, 0.008293660558383046, 0.019656161544470977, 0.08098112759139983, 0.03791194114658364, 0.03429807073892521, 0.04024976701016472, 0.1863973621262271, 0.03238580379386265, 0.020937939019190322, 0.20674984638842214, 0.021129650170231173, 0.10160933133574798, 0.04420159654816641 ],
    "10" : [ 0.07881841550478803, 2.9892635168884984E-4, 0.07756611602462934, 0.0097627251651981, 0.021486141745633527, 0.08602079173075597, 0.04056942497477337, 0.037257907492852356, 0.043723220098547476, 0.1791926876214148, 0.031132994729835398, 0.02168306011125089, 0.2092400171012943, 0.017195493992039415, 0.10593398949645827, 0.04011808785883994 ],
    "11" : [ 0.08249701956035667, 3.5187548316331846E-4, 0.07850035067490763, 0.010671630686822146, 0.023340341432924957, 0.0879259466134237, 0.04196495633303322, 0.039576563035000144, 0.046444228695755825, 0.16707332197909192, 0.032217813337549125, 0.0196975788758574, 0.20898683139653013, 0.017807432218152598, 0.10062044485706406, 0.0423236648203672 ],
    "12" : [ 0.07926341201567351, 3.84634939581426E-4, 0.07840536326817156, 0.011592565423111711, 0.02479287099405115, 0.08994024295571991, 0.04440899010476158, 0.04045308928857542, 0.047472857324848294, 0.16114318128463195, 0.033886186411885226, 0.020813875748623135, 0.20468906367927087, 0.01617683569080461, 0.10489453724878467, 0.04168229362150505 ],
    "13" : [ 0.08245654948693257, 4.178279620019439E-4, 0.07679297440681516, 0.01231400062639481, 0.02534197381302439, 0.08915609298410054, 0.044652020155032876, 0.0413798294935665, 0.048560413462153416, 0.15556283353034825, 0.03603302808451224, 0.02053328517168744, 0.19987518512162294, 0.017093605777458432, 0.10614392322762446, 0.04368645669672406 ],
    "14" : [ 0.083534765434651, 4.438304722058779E-4, 0.07498695680025551, 0.012586726300578088, 0.02592253333071229, 0.08877208645191302, 0.045874685675886435, 0.04101905670647308, 0.04813703627762747, 0.15385459593262107, 0.037951947055984696, 0.0215340014787209, 0.19458035684527714, 0.016863167930853833, 0.10960125380175133, 0.044336999504488286 ],
    "15" : [ 0.08588666472492618, 4.536602560777396E-4, 0.07300050180844891, 0.012875075732404019, 0.02569652600509735, 0.08702193128570683, 0.045444954591873796, 0.04084238245805951, 0.04792970399385352, 0.15358697653335296, 0.03944588443392072, 0.02187275079591704, 0.1903271537370333, 0.01768501630998791, 0.11227185996186002, 0.04565895737148023 ],
    "16" : [ 0.08772541289210185, 4.640531631735279E-4, 0.07140483220320741, 0.012762823530960308, 0.025585847828091052, 0.08586123027129577, 0.04557632203290914, 0.04003716868517086, 0.04698476260053597, 0.1549011066674225, 0.04049337079277185, 0.022521800261404608, 0.18720391789359342, 0.017963217609710626, 0.11417438560125887, 0.046339747966392224 ],
    "17" : [ 0.08888860886024423, 4.600072849017564E-4, 0.07023309119330404, 0.012707852441032449, 0.025081418952440423, 0.08443881046720142, 0.04490701734582132, 0.03950315178138081, 0.046358078489914974, 0.1569783174106409, 0.04098387576128064, 0.022860925174079685, 0.18542260762162316, 0.01849625604172147, 0.11582961914157366, 0.04685036203283907 ],
    "18" : [ 0.08993657765164219, 4.580259755336167E-4, 0.0695647989471665, 0.012457315200217383, 0.024746882267367477, 0.0836242124665726, 0.044590592028121004, 0.038848722940326035, 0.04559008752687539, 0.1590820166197944, 0.041111336791149485, 0.02310445487800937, 0.18483044316949865, 0.018774765803026557, 0.11619171056732999, 0.04708805716736936 ],
    "19" : [ 0.09004971995126611, 4.489959238656184E-4, 0.06934263725079039, 0.012291159172925153, 0.024336913119295967, 0.08301274830824401, 0.04406578581568983, 0.03847394158257035, 0.04515027088400226, 0.16111582761130666, 0.0408972402032214, 0.023217730485579697, 0.18508460831802126, 0.018974767033184306, 0.11651053462373587, 0.04702711971630117 ],
    "20" : [ 0.09019284888554667, 4.430072033603675E-4, 0.06943799211438087, 0.012087537722736248, 0.024102130077484213, 0.08281888056867145, 0.04378004897389976, 0.03819261831968433, 0.044820129988559686, 0.16251456439783463, 0.04054662864532303, 0.023179970944752964, 0.18592590730710085, 0.01906779577052254, 0.11597518792109726, 0.04691475115904513 ],