{
  "steadyStateDistribution" : {
    "0" : 0.04755459715689002,
    "1" : 0.06576766637891449,
    "2" : 0.06739732745610931,
    "3" : 0.0674058711048401,
    "4" : 0.08218648835438966,
    "5" : 0.08433044556180432,
    "6" : 0.05530699249884267,
    "7" : 0.051006564911623024,
    "8" : 0.10810162682620866,
    "9" : 0.05397731875047134,
    "10" : 0.06436191255842316,
    "11" : 0.04690104762802102,
    "12" : 0.05034423236515237,
    "13" : 0.04020209470088878,
    "14" : 0.06646947603326742,
    "15" : 0.04868633771415366
  },
  "transientAnalysis" : {
    "0" : [ 0.0625, 0.0625, 0.0625, 0.0625, 0.0625, 0.0625, 0.0625, 0.0625, 0.0625, 0.0625, 0.0625, 0.0625, 0.0625, 0.0625, 0.0625, 0.0625 ],
    "1" : [ 0.052960140479689374, 0.06881853586536088, 0.06698765775181975, 0.06822474774331294, 0.07350931866164051, 0.06806667202173299, 0.05190817462282849, 0.0429643923239255, 0.10742281688377067, 0.057954399560841134, 0.06648556711060159, 0.04456122349197567, 0.05718422276633114, 0.04231387194457664, 0.07440741814446032, 0.05623084062713242 ],
    "2" : [ 0.05148468289711501, 0.06930862903339018, 0.06764112008101397, 0.06741730628276908, 0.07757053551384623, 0.07940246836037132, 0.052001801582251705, 0.04830646610869908, 0.10449058619595297, 0.04922266289839179, 0.06517931945805747, 0.048669435228747414, 0.053129817304450294, 0.043422706655303345, 0.07132735419948096, 0.05142510820015925 ],
    "3" : [ 0.049941212208239924, 0.06847343566730005, 0.06813339538533274, 0.06798899995587405, 0.0805358894228885, 0.08104011196694925, 0.05301508870861415, 0.04926179575868181, 0.10467712035558696, 0.052767161274473506, 0.06390927728498023, 0.0456294707956456, 0.052089500522582724, 0.04205400176202505, 0.06984424016480457, 0.05063929876602093 ],
    "4" : [ 0.049260620896508046, 0.06780014481899362, 0.06806748700512882, 0.06801098174927271, 0.08158226370930258, 0.0825842256349536, 0.05419696588569003, 0.049648918836023646, 0.10581201716806266, 0.05297003275186419, 0.06346233973353078, 0.04620960446564991, 0.050967061734559276, 0.041272520895431306, 0.06836361214089585, 0.04979120257413307 ],
    "5" : [ 0.04862256211268357, 0.06712161589166556, 0.06799269194473982, 0.06803462937999562, 0.08201649360327651, 0.08341322113385032, 0.05465964958920795, 0.050145157693431086, 0.10643739735398339, 0.053308253808651916, 0.06363596844960775, 0.046232464039045025, 0.050675680057163004, 0.04077416253290103, 0.06756819258926515, 0.04936185982053242 ],
    "6" : [ 0.04824099692979698, 0.06666973417235214, 0.0678380080250633, 0.06791805710443444, 0.08219986148103071, 0.0838481678582506, 0.05495171909228628, 0.05043098248227333, 0.10699226746428088, 0.05355717890254993, 0.0637817250850761, 0.046398008538670835, 0.050455579701705014, 0.040512929759359884, 0.06710018235958125, 0.049104601043288454 ],
    "7" : [ 0.0479867150460058, 0.06635638275417545, 0.06771532039437544, 0.06779191317756064, 0.08225539629818909, 0.08408782108822134, 0.055107926495340374, 0.05063789812646909, 0.1073643184026262, 0.053704296154386655, 0.06393954004763447, 0.046544251842452596, 0.05037301595883102, 0.04036967681833868, 0.06682805807439984, 0.04893746932099337 ]
  }
}