{
  "fileName" : "10.json",
  "config" : {
    "seed" : -1576191653,
    "description" : "single random value",
    "dtmcGeneratorConfig" : {
      "edgesNumberDistribution" : {
        "n" : 3,
        "distributionType" : "org.qesm.app.model.generator.distribution.SingleValueDistribution"
      },
      "edgesLocalityDistribution" : {
        "min" : -3,
        "max" : 3,
        "distributionType" : "org.qesm.app.model.generator.distribution.UniformDistribution"
      },
      "selfLoopValue" : null,
      "connectSCCs" : false,
      "n" : 64
    },
    "perfectSamplingConfig" : {
      "statisticalTestConfig" : {
        "confidence" : 0.95,
        "error" : 0.01,
        "testClass" : "org.qesm.app.model.test.ZTest"
      },
      "randomHelperClass" : "org.qesm.app.model.sampling.sampler.random.NRandomHelper",
      "pythonHistogramImage" : true,
      "pythonLastSequenceImage" : false,
      "enabled" : true
    },
    "dumbSamplingConfig" : {
      "enabled" : false,
      "sigmas" : [ -2.0, -1.0, 0.0, 1.0, 2.0 ]
    },
    "transientAnalysisConfig" : {
      "enabled" : true,
      "maxDistanceToSteadyState" : 1.0E-4
    }
  },
  "steadyStateAnalysisOutput" : {
    "steadyStateDistribution" : {
      "0" : 0.023756779228028574,
      "1" : 0.0806954332256934,
      "2" : 0.020445929934555344,
      "3" : 0.041430513387898514,
      "4" : 0.045848367076654226,
      "5" : 0.011981450662192337,
      "6" : 0.007317755412346209,
      "7" : 0.015637409106116593,
      "8" : 0.011419706594803429,
      "9" : 0.010063839193781383,
      "10" : 0.013265622078654173,
      "11" : 0.01462982432119519,
      "12" : 0.02012941760748691,
      "13" : 0.011198216667332811,
      "14" : 0.02259347582453579,
      "15" : 0.021476982541597765,
      "16" : 0.030798842324687936,
      "17" : 0.026377536231418905,
      "18" : 0.004978859107212381,
      "19" : 0.014444249248018527,
      "20" : 5.199027610974679E-5,
      "21" : 0.00254253810010048,
      "22" : 8.487353054868788E-4,
      "23" : 8.73864614469339E-4,
      "24" : 1.2089438115383308E-4,
      "25" : 0.0026974698340370925,
      "26" : 0.0019423323621181497,
      "27" : 0.0018633578393521463,
      "28" : 2.3998272589952318E-4,
      "29" : 2.399974241745039E-4,
      "30" : 7.234983316557164E-5,
      "31" : 1.547340219575888E-4,
      "32" : 8.850593969261785E-5,
      "33" : 1.262265668363897E-4,
      "34" : 1.7132623045631133E-4,
      "35" : 2.6229799580830914E-5,
      "36" : 1.8146499139877438E-4,
      "37" : 1.3310327840851223E-4,
      "38" : 4.94620915355105E-5,
      "39" : 5.361646103087961E-4,
      "40" : 2.2419806075318397E-4,
      "41" : 3.895915108361917E-5,
      "42" : 0.0015477763599263043,
      "43" : 4.8496252943836784E-4,
      "44" : 4.3987949945874005E-4,
      "45" : 0.0012105429778514088,
      "46" : 7.676330402163723E-4,
      "47" : 9.255737761391168E-4,
      "48" : 4.981907904204979E-4,
      "49" : 5.982430764591072E-4,
      "50" : 0.001957223605724064,
      "51" : 0.003799832686304781,
      "52" : 0.0016626770482911135,
      "53" : 0.003962217626668804,
      "54" : 0.0038669508051449746,
      "55" : 0.04357474596332997,
      "56" : 0.1323770757379672,
      "57" : 0.04843795199834149,
      "58" : 0.05958877368950243,
      "59" : 0.06922345987732033,
      "60" : 0.025151329819623355,
      "61" : 0.04245878696896594,
      "62" : 0.03295636110030682,
      "63" : 0.06279571381030906
    }
  },
  "perfectSamplingOutput" : {
    "avgSteps" : 379.809,
    "sigma" : 230.85734071272682,
    "distance" : 1.428772293916772E-4,
    "statisticalTest" : {
      "name" : "ZTest",
      "confidence" : 0.95,
      "maxError" : 0.01,
      "currentError" : 0.009999404024636336,
      "samplesSize" : 14194,
      "stdDev" : 230.8573370482296,
      "mean" : 379.8090038044244
    }
  },
  "dumbSamplingOutputs" : [ ],
  "dtmcGeneratorOutput" : {
    "p" : {
      "rowMajor" : false,
      "columnMajor" : true
    }
  }
}