{
  "fileName" : "19.json",
  "config" : {
    "seed" : 1671578536,
    "description" : "single random value",
    "dtmcGeneratorConfig" : {
      "edgesNumberDistribution" : {
        "n" : 4,
        "distributionType" : "org.qesm.app.model.generator.distribution.SingleValueDistribution"
      },
      "edgesLocalityDistribution" : {
        "min" : -4,
        "max" : 4,
        "distributionType" : "org.qesm.app.model.generator.distribution.UniformDistribution"
      },
      "selfLoopValue" : null,
      "connectSCCs" : false,
      "n" : 256
    },
    "perfectSamplingConfig" : {
      "statisticalTestConfig" : {
        "confidence" : 0.95,
        "error" : 0.01,
        "testClass" : "org.qesm.app.model.test.ZTest"
      },
      "randomHelperClass" : "org.qesm.app.model.sampling.sampler.random.NRandomHelper",
      "pythonHistogramImage" : true,
      "pythonLastSequenceImage" : false,
      "enabled" : true
    },
    "dumbSamplingConfig" : {
      "enabled" : false,
      "sigmas" : [ -2.0, -1.0, 0.0, 1.0, 2.0 ]
    },
    "transientAnalysisConfig" : {
      "enabled" : true,
      "maxDistanceToSteadyState" : 1.0E-4
    }
  },
  "steadyStateAnalysisOutput" : {
    "steadyStateDistribution" : {
      "0" : 2.6360976265817125E-4,
      "1" : 0.0015068325144521498,
      "2" : 4.3076042540621056E-4,
      "3" : 0.00256914056962667,
      "4" : 0.0012743838138048755,
      "5" : 0.003478995032618318,
      "6" : 0.0036547146126465787,
      "7" : 0.005191563938032004,
      "8" : 0.001921114390758235,
      "9" : 0.0025921358946111917,
      "10" : 0.004767645488668183,
      "11" : 0.0017302539540306628,
      "12" : 5.573353913421095E-4,
      "13" : 0.0010394323464353104,
      "14" : 0.0010416195099568766,
      "15" : 6.143259093482906E-4,
      "16" : 0.0010907620414578178,
      "17" : 9.646423574687875E-4,
      "18" : 0.0013291789410894838,
      "19" : 0.0012880655951972414,
      "20" : 0.001942168665443099,
      "21" : 0.001730999169574634,
      "22" : 0.0018584903556186643,
      "23" : 0.0025482736338809293,
      "24" : 0.0010489540177375124,
      "25" : 6.09765700846631E-4,
      "26" : 0.0025666160702289965,
      "27" : 3.8866022825578757E-4,
      "28" : 4.685950830522597E-4,
      "29" : 0.0010052415720640405,
      "30" : 0.0013272721349997507,
      "31" : 5.451287858095946E-4,
      "32" : 0.0020164614284783372,
      "33" : 0.0014638504135733835,
      "34" : 0.001289530623272867,
      "35" : 5.862534602653515E-4,
      "36" : 9.442965563143521E-4,
      "37" : 3.539931821391163E-5,
      "38" : 3.394746761665047E-4,
      "39" : 7.799371813904793E-4,
      "40" : 5.035173433130156E-4,
      "41" : 3.420990411729599E-4,
      "42" : 1.823577154530408E-4,
      "43" : 3.7159040394868823E-4,
      "44" : 1.6859820133189075E-4,
      "45" : 1.9601896650603125E-4,
      "46" : 1.77400079502596E-4,
      "47" : 3.200536762333868E-4,
      "48" : 2.624718323258165E-4,
      "49" : 4.01257138169041E-4,
      "50" : 3.418290198578665E-4,
      "51" : 6.84136789206736E-4,
      "52" : 4.0790549421250097E-4,
      "53" : 4.3882251995114654E-4,
      "54" : 3.6824257691390837E-4,
      "55" : 6.187850336782427E-4,
      "56" : 5.010056849155813E-4,
      "57" : 3.952579321864789E-4,
      "58" : 2.5110025618442933E-4,
      "59" : 4.233770385072987E-4,
      "60" : 0.001887026184276432,
      "61" : 2.849673031557202E-4,
      "62" : 6.098996842009341E-4,
      "63" : 0.0013537713443907697,
      "64" : 0.0026962727206820696,
      "65" : 4.5805121117266866E-4,
      "66" : 0.0011351674151203438,
      "67" : 0.001009709517672363,
      "68" : 1.507877854329208E-5,
      "69" : 0.0011429686571259713,
      "70" : 0.003451426541720151,
      "71" : 0.002124326132198104,
      "72" : 2.5357668151519496E-4,
      "73" : 0.0036996218800686392,
      "74" : 0.004544636704858395,
      "75" : 0.0015169120109070771,
      "76" : 0.004228252831515965,
      "77" : 0.0038085615768155548,
      "78" : 0.003819020315246855,
      "79" : 0.003566448280892529,
      "80" : 0.002248786164575928,
      "81" : 0.002829319812660117,
      "82" : 0.0021444943948628896,
      "83" : 0.0032673353676906996,
      "84" : 3.040503271994351E-4,
      "85" : 2.1173583387722249E-4,
      "86" : 7.020497025706673E-4,
      "87" : 3.194432160087663E-4,
      "88" : 5.926715206274781E-4,
      "89" : 2.374427383727009E-4,
      "90" : 2.9604234128824923E-4,
      "91" : 1.500293085054483E-4,
      "92" : 1.239521976966572E-4,
      "93" : 2.485583421177552E-4,
      "94" : 3.7128621798705866E-4,
      "95" : 2.185888767470335E-4,
      "96" : 1.4861945456619058E-4,
      "97" : 1.508047466339203E-4,
      "98" : 2.3393918262890162E-5,
      "99" : 1.377839296825987E-4,
      "100" : 2.4062270548107708E-4,
      "101" : 1.6000468722136293E-4,
      "102" : 1.7951418256384973E-4,
      "103" : 2.2187412381908085E-4,
      "104" : 5.006513075997835E-4,
      "105" : 3.9170914238514893E-4,
      "106" : 6.482623311140228E-4,
      "107" : 2.9170013218617324E-4,
      "108" : 6.851271979756593E-4,
      "109" : 5.458434855057492E-4,
      "110" : 5.082738739892412E-4,
      "111" : 3.988149482881272E-4,
      "112" : 2.6766532331747104E-4,
      "113" : 3.0213010423122257E-4,
      "114" : 2.754088340900881E-4,
      "115" : 2.2003666193113366E-4,
      "116" : 1.6004602369263705E-4,
      "117" : 2.450471670490854E-4,
      "118" : 1.4238934870096544E-4,
      "119" : 2.4655286886997866E-4,
      "120" : 0.0014987509643513647,
      "121" : 0.0012382508113932876,
      "122" : 0.0014602948384341567,
      "123" : 0.0023630061923749905,
      "124" : 0.001978921032475142,
      "125" : 0.0029111968629248644,
      "126" : 0.003910801252500042,
      "127" : 0.003241105891145931,
      "128" : 5.274164038231489E-4,
      "129" : 6.813320654314769E-5,
      "130" : 0.002992809542608452,
      "131" : 0.0014647674551555208,
      "132" : 0.0013316194801470066,
      "133" : 6.130523076280862E-4,
      "134" : 0.003434503552317497,
      "135" : 0.0013937874555512663,
      "136" : 0.0016954244251107503,
      "137" : 0.0016423689893006867,
      "138" : 0.0037164806373634843,
      "139" : 0.005443651570494583,
      "140" : 0.006600372040496857,
      "141" : 0.006056876385371722,
      "142" : 0.0013067001979487267,
      "143" : 0.0019404689642693218,
      "144" : 0.006272593605057583,
      "145" : 0.0036974874304920792,
      "146" : 0.008595725284577306,
      "147" : 0.013796708690562784,
      "148" : 0.009626442373430157,
      "149" : 0.006499635271871083,
      "150" : 0.008847840340699964,
      "151" : 0.01093497726753294,
      "152" : 0.004799177884143336,
      "153" : 0.0033297833496133498,
      "154" : 0.08028010624766022,
      "155" : 0.02659104452562421,
      "156" : 0.02170392878652303,
      "157" : 0.029669915631807292,
      "158" : 0.09868508214296934,
      "159" : 0.07533459984407845,
      "160" : 0.07771172442359806,
      "161" : 0.027343652939117252,
      "162" : 0.0825722212523574,
      "163" : 0.027700782893649755,
      "164" : 0.002204710622531759,
      "165" : 0.017609806347393963,
      "166" : 0.026745585533785244,
      "167" : 0.00201532386055551,
      "168" : 0.010409395951397754,
      "169" : 0.015026642554791898,
      "170" : 0.0017504688212615369,
      "171" : 0.0026754242535272734,
      "172" : 0.005559972458868987,
      "173" : 0.0036143626252897985,
      "174" : 0.004415136879162853,
      "175" : 9.788524831991446E-4,
      "176" : 0.004034491240924302,
      "177" : 0.004363629682296935,
      "178" : 0.003097552322063278,
      "179" : 0.002331428632253954,
      "180" : 6.577656034992313E-4,
      "181" : 0.0032871592913115135,
      "182" : 0.0022180328737505927,
      "183" : 0.0035136762164457275,
      "184" : 0.003001888314442303,
      "185" : 0.0030192713360684765,
      "186" : 0.00325665721919249,
      "187" : 0.001462820124988169,
      "188" : 0.003674688062934736,