{
  "fileName" : "20.json",
  "config" : {
    "seed" : -460744553,
    "description" : "single random value",
    "dtmcGeneratorConfig" : {
      "edgesNumberDistribution" : {
        "n" : 4,
        "distributionType" : "org.qesm.app.model.generator.distribution.SingleValueDistribution"
      },
      "edgesLocalityDistribution" : {
        "min" : -8,
        "max" : 8,
        "distributionType" : "org.qesm.app.model.generator.distribution.UniformDistribution"
      },
      "selfLoopValue" : null,
      "connectSCCs" : false,
      "n" : 256
    },
    "perfectSamplingConfig" : {
      "statisticalTestConfig" : {
        "confidence" : 0.95,
        "error" : 0.01,
        "testClass" : "org.qesm.app.model.test.ZTest"
      },
      "randomHelperClass" : "org.qesm.app.model.sampling.sampler.random.NRandomHelper",
      "pythonHistogramImage" : true,
      "pythonLastSequenceImage" : false,
      "enabled" : true
    },
    "dumbSamplingConfig" : {
      "enabled" : false,
      "sigmas" : [ -2.0, -1.0, 0.0, 1.0, 2.0 ]
    },
    "transientAnalysisConfig" : {
      "enabled" : true,
      "maxDistanceToSteadyState" : 1.0E-4
    }
  },
  "steadyStateAnalysisOutput" : {
    "steadyStateDistribution" : {
      "0" : 0.0073613815511740345,
      "1" : 0.01122805267301218,
      "2" : 0.007379268480704101,
      "3" : 0.023105512219917274,
      "4" : 0.015183934111428474,
      "5" : 0.00275226105245456,
      "6" : 0.008985429563070295,
      "7" : 0.007510067256068551,
      "8" : 0.007304230664829555,
      "9" : 0.004904378101779998,
      "10" : 0.0026481736261409184,
      "11" : 0.007493507645614631,
      "12" : 0.002977372957697587,
      "13" : 0.0028861005378969114,
      "14" : 0.00579344852145143,
      "15" : 0.0038530642981036783,
      "16" : 0.0063532968869363556,
      "17" : 0.003522237548230106,
      "18" : 0.004632480659594321,
      "19" : 0.002638094699631424,
      "20" : 0.0028014098870406227,
      "21" : 0.006190648292181008,
      "22" : 0.006819916081850314,
      "23" : 0.00262403120465129,
      "24" : 0.0054204143840503125,
      "25" : 0.008452725501575636,
      "26" : 0.004264941680627105,
      "27" : 0.0039258386255015725,
      "28" : 0.0025765431798155216,
      "29" : 0.0024782297458877467,
      "30" : 0.00549742460277689,
      "31" : 0.003215472647420588,
      "32" : 0.004499798461559983,
      "33" : 0.003512146203565523,
      "34" : 0.003439865947662616,
      "35" : 0.0075777833190138755,
      "36" : 0.007633049364520472,
      "37" : 0.0028531057456815867,
      "38" : 0.005778817686954533,
      "39" : 0.006018185441362303,
      "40" : 0.007241280265587149,
      "41" : 0.0058302849333110454,
      "42" : 0.010649127880433085,
      "43" : 0.005373624758001471,
      "44" : 0.0015519727160849086,
      "45" : 0.007118786572588547,
      "46" : 0.0015236178979040008,
      "47" : 0.006388146851477478,
      "48" : 0.004719879778533821,
      "49" : 0.004070285057354711,
      "50" : 0.00457951916799371,
      "51" : 0.012010521768931217,
      "52" : 0.005027960927882346,
      "53" : 0.007154463278496278,
      "54" : 0.004323027556245467,
      "55" : 0.002474951512941229,
      "56" : 0.001318076211648956,
      "57" : 0.00578527426021881,
      "58" : 8.962206070277915E-4,
      "59" : 0.006952911020209966,
      "60" : 0.004905603143133878,
      "61" : 0.0027787630470440016,
      "62" : 0.0066904950279946755,
      "63" : 0.009542112500802424,
      "64" : 0.0037032259570987176,
      "65" : 0.0064482143393649405,
      "66" : 0.009713835767896237,
      "67" : 0.0031628009254202546,
      "68" : 0.007147612361944245,
      "69" : 0.005560542623759972,
      "70" : 0.0029492148390481156,
      "71" : 7.799499238772653E-4,
      "72" : 0.030265208635014175,
      "73" : 0.001298261745789136,
      "74" : 3.3045637581480676E-4,
      "75" : 0.0012639083149825502,
      "76" : 0.0038987460625358275,
      "77" : 0.0023785858985445425,
      "78" : 0.02060630117480498,
      "79" : 0.003284321122678919,
      "80" : 0.010437251755747449,
      "81" : 0.0017108752015961987,
      "82" : 0.0011096081167770307,
      "83" : 7.301930668673033E-4,
      "84" : 0.0023058025949632154,
      "85" : 0.0033880809225863917,
      "86" : 8.147539264594955E-4,
      "87" : 0.0033144377164043585,
      "88" : 0.0024271474006505147,
      "89" : 0.0022028083068037366,
      "90" : 0.004370205947482322,
      "91" : 0.0050965346027205495,
      "92" : 0.006861941821053833,
      "93" : 0.0018266460033039321,
      "94" : 0.006535586136145453,
      "95" : 0.006537901970453549,
      "96" : 0.005819157272736237,
      "97" : 0.010400569344149048,
      "98" : 0.009999260731779855,
      "99" : 0.013869305675426586,
      "100" : 0.01264600881091613,
      "101" : 0.0029138755543205836,
      "102" : 0.011143881384160347,
      "103" : 0.015842467772816785,
      "104" : 0.003772206158600716,
      "105" : 0.005388566612601243,
      "106" : 0.0012905834742335965,
      "107" : 0.002677218692237021,
      "108" : 0.005312910554628363,
      "109" : 0.00413738690846262,
      "110" : 0.00573245910665273,
      "111" : 0.005255078058079894,
      "112" : 9.022028670833747E-4,
      "113" : 0.0011258126318872785,
      "114" : 2.169900306642703E-4,
      "115" : 0.002453752409966193,
      "116" : 0.005551285217550935,
      "117" : 0.0021679329154239715,
      "118" : 0.005642511241959183,
      "119" : 0.0010453197510297961,
      "120" : 7.34913184452042E-4,
      "121" : 4.707147298706363E-4,
      "122" : 0.0021151122170142422,
      "123" : 2.8422309844484644E-5,
      "124" : 0.002697893930963896,
      "125" : 0.0014264077627323553,
      "126" : 0.0030200755091388145,
      "127" : 0.002125084882969365,
      "128" : 0.003628583248025775,
      "129" : 0.0017252642398356995,
      "130" : 1.6522574084639936E-4,
      "131" : 0.0017062251555148339,
      "132" : 0.003061787488297912,
      "133" : 0.0029537483478314385,
      "134" : 0.0012762056516469938,
      "135" : 0.001243427070136446,
      "136" : 0.002234008809518169,
      "137" : 0.0011127484406876545,
      "138" : 0.003104812831989706,
      "139" : 0.0010545769641251805,
      "140" : 0.0012313335870973118,
      "141" : 9.979256177441069E-5,
      "142" : 0.001029783503145076,
      "143" : 0.001045038503595552,
      "144" : 0.002576083974831561,
      "145" : 5.049992857789947E-4,
      "146" : 0.0024783005929651593,
      "147" : 1.414860558281559E-5,
      "148" : 6.788232324037269E-5,
      "149" : 1.9420768049073492E-4,
      "150" : 8.013352148495321E-4,
      "151" : 4.4826995246991777E-4,
      "152" : 5.770199613433642E-4,
      "153" : 3.232909799377272E-4,
      "154" : 7.595676397666974E-4,
      "155" : 8.876144824941874E-4,
      "156" : 0.001167186331180553,
      "157" : 0.002116728598781833,
      "158" : 5.125101037361749E-4,
      "159" : 0.0012764471835114053,
      "160" : 0.0012476158347448608,
      "161" : 9.461730698728407E-4,
      "162" : 0.001135676575131365,
      "163" : 5.401077549959396E-4,
      "164" : 6.714607744757733E-4,
      "165" : 3.323074309406463E-4,
      "166" : 9.534714512485819E-4,
      "167" : 0.0013626734454463428,
      "168" : 3.491574159521655E-4,
      "169" : 9.912836628795906E-5,
      "170" : 7.484398310781313E-4,
      "171" : 0.0011055000607968195,
      "172" : 4.1082023394827E-4,
      "173" : 2.216068012299821E-4,
      "174" : 0.0012964753692666202,
      "175" : 7.352088014036269E-4,
      "176" : 8.955649423872027E-4,
      "177" : 5.15355249842929E-4,
      "178" : 7.341843974910293E-4,
      "179" : 4.837200789876605E-4,
      "180" : 6.832819970427367E-4,
      "181" : 8.215907728166352E-4,
      "182" : 6.190384137915648E-4,
      "183" : 6.481944337956595E-4,
      "184" : 9.740919126146963E-4,
      "185" : 7.424976265630234E-4,
      "186" : 2.338204769050289E-4,
      "187" : 6.916263407146408E-4,
      "188" : 9.081493676593185E-4,
      "189" : 1.945656802472442E-4,