{
  "fileName" : "5.json",
  "config" : {
    "seed" : 1499761102,
    "description" : "single random value",
    "dtmcGeneratorConfig" : {
      "edgesNumberDistribution" : {
        "n" : 4,
        "distributionType" : "org.qesm.app.model.generator.distribution.SingleValueDistribution"
      },
      "edgesLocalityDistribution" : {
        "min" : -4,
        "max" : 4,
        "distributionType" : "org.qesm.app.model.generator.distribution.UniformDistribution"
      },
      "selfLoopValue" : null,
      "connectSCCs" : false,
      "n" : 16
    },
    "perfectSamplingConfig" : {
      "statisticalTestConfig" : {
        "confidence" : 0.95,
        "error" : 0.01,
        "testClass" : "org.qesm.app.model.test.ZTest"
      },
      "randomHelperClass" : "org.qesm.app.model.sampling.sampler.random.NRandomHelper",
      "pythonHistogramImage" : true,
      "pythonLastSequenceImage" : false,
      "enabled" : true
    },
    "dumbSamplingConfig" : {
      "enabled" : false,
      "sigmas" : [ -2.0, -1.0, 0.0, 1.0, 2.0 ]
    },
    "transientAnalysisConfig" : {
      "enabled" : true,
      "maxDistanceToSteadyState" : 1.0E-4
    }
  },
  "steadyStateAnalysisOutput" : {
    "steadyStateDistribution" : {
      "0" : 0.0896059561824162,
      "1" : 0.11156305669017744,
      "2" : 0.045529672212756576,
      "3" : 0.06088966876810212,
      "4" : 0.005313060638751308,
      "5" : 0.029613496443042172,
      "6" : 0.012280565813474528,
      "7" : 0.05646608143200796,
      "8" : 0.03479250577223816,
      "9" : 0.03313124402633779,
      "10" : 0.07363299530758245,
      "11" : 0.05651817085544008,
      "12" : 0.045344072841908833,
      "13" : 0.16602570195569527,
      "14" : 0.03413721522952256,
      "15" : 0.1451565358305466
    }
  },
  "perfectSamplingOutput" : {
    "avgSteps" : 26.339201,
    "sigma" : 15.193461470762967,
    "distance" : 7.04711078118367E-4,
    "statisticalTest" : {
      "name" : "ZTest",
      "confidence" : 0.95,
      "maxError" : 0.01,
      "currentError" : 0.009999674054380259,
      "samplesSize" : 12783,
      "stdDev" : 15.19346171479112,
      "mean" : 26.339200500664944
    }
  },
  "dumbSamplingOutputs" : [ ],
  "dtmcGeneratorOutput" : {
    "p" : [ 0.0, 0.3263273640865445, 0.0, 0.27329892657959853, 0.0, 0.0, 0.0, 0.0, 0.0, 0.0, 0.0, 0.0, 0.0, 0.0019198462409119761, 0.0, 0.398453863092945, 0.1610029948718986, 0.0, 0.1306695753184906, 0.14717904107728275, 0.0, 0.0, 0.0, 0.0, 0.0, 0.0, 0.0, 0.0, 0.0, 0.0, 0.0, 0.5611483887323282, 0.0, 0.0, 0.0, 0.285172629566049, 0.0, 0.3491827526923876, 0.1352875703216595, 0.0, 0.0, 0.0, 0.0, 0.0, 0.0, 0.0, 0.23035704741990376, 0.0, 0.0, 0.3047616254593121, 0.2740962304242148, 0.0, 0.0, 0.12112107561267528, 0.0, 0.30002106850379795, 0.0, 0.0, 0.0, 0.0, 0.0, 0.0, 0.0, 0.0, 0.018746272220934754, 0.03793921322466508, 0.0, 0.5139798994708662, 0.0, 0.0, 0.0, 0.0, 0.4293346150835339, 0.0, 0.0, 0.0, 0.0, 0.0, 0.0, 0.0, 0.0, 0.3983061520910485, 0.32719949746779287, 0.1440590006662543, 0.0, 0.0, 0.0, 0.0, 0.1304353497749043, 0.0, 0.0, 0.0, 0.0, 0.0, 0.0, 0.0, 0.0, 0.0, 0.2841886481417027, 0.0, 0.0, 0.0, 0.24908702002379146, 0.0, 0.15726040248783854, 0.0, 0.30946392934666733, 0.0, 0.0, 0.0, 0.0, 0.0, 0.0, 0.0, 0.0, 0.0, 0.0, 0.0, 0.0, 0.2566217018654055, 0.0, 0.25684131733604376, 0.33589452843450673, 0.15064245236404403, 0.0, 0.0, 0.0, 0.0, 0.0, 0.0, 0.0, 0.0, 0.1527070419570255, 0.0, 0.0, 0.13758494743271044, 0.0, 0.0, 0.5436749642456268, 0.16603304636463725, 0.0, 0.0, 0.0, 0.0, 0.0, 0.0, 0.0, 0.0, 0.0, 0.19136914963644008, 0.0, 0.0, 0.0, 0.373423645485145, 0.0, 0.2011886746252354, 0.23401853025317954, 0.0, 0.0, 0.0, 0.0, 0.0, 0.0, 0.0, 0.0, 0.0, 0.041585128063768746, 0.25695750764784003, 0.0, 0.08496776936248424, 0.0, 0.0, 0.0, 0.616489594925907, 0.0, 0.0, 0.0, 0.0, 0.0, 0.0, 0.0, 0.0, 0.0, 0.0, 0.44743218682013725, 0.0, 0.08751449027804067, 0.0, 0.0, 0.16036456482003705, 0.0, 0.30468875808178514, 0.0, 0.0, 0.0, 0.0, 0.0, 0.0, 0.0, 0.0, 0.031525237329984086, 0.0, 0.13435177971484188, 0.3125744566230088, 0.0, 0.0, 0.5215485263321652, 0.0, 0.4309234595271629, 0.0, 0.0, 0.0, 0.0, 0.0, 0.0, 0.0, 0.0, 0.0, 0.04596648088648984, 0.12887309550928686, 0.0, 0.3942369640770603, 0.0, 0.0, 0.0, 0.416252279447101, 0.031714002857270815, 0.0, 0.0, 0.0, 0.0, 0.0, 0.0, 0.0, 0.3890272796086077, 0.0, 0.0, 0.0, 0.0, 0.16300643808702048, 0.0, 0.25874716387011704, 0.0, 0.0, 0.0, 0.0, 0.0, 0.0, 0.0, 0.0, 0.0, 0.0, 0.2589669668976439, 0.3165046342067705, 0.0, 0.16578123502546846 ]
  }
}