file-name,N,edges-number,locality-min,locality-max,locality,linear-coeff-0,linear-coeff-1
3.json,16,2,-8,8,[-8\comma 8],0.15595672905967237,-14.897799689414555
5.json,16,4,-4,4,[-4\comma 4],0.22333035522438,-18.066077130505715
11.json,64,3,-6,6,[-6\comma 6],0.10477357169125753,-66.18904406293187
19.json,256,4,-4,4,[-4\comma 4],1.5753629953201647,-35140.42681753274
