{
  "steadyStateDistribution" : {
    "0" : 0.06846538730546121,
    "1" : 0.05956366272125129,
    "2" : 0.076977834730402,
    "3" : 0.07833365300141726,
    "4" : 0.04811684427415078,
    "5" : 0.07622115918118644,
    "6" : 0.04461818935610275,
    "7" : 0.03565462097436569,
    "8" : 0.05242876216908912,
    "9" : 0.06246254386850366,
    "10" : 0.05496098668776064,
    "11" : 0.09713778941216429,
    "12" : 0.07369049786051535,
    "13" : 0.07340002555098633,
    "14" : 0.06399083639756847,
    "15" : 0.03397720650907471
  },
  "transientAnalysis" : {
    "0" : [ 0.0625, 0.0625, 0.0625, 0.0625, 0.0625, 0.0625, 0.0625, 0.0625, 0.0625, 0.0625, 0.0625, 0.0625, 0.0625, 0.0625, 0.0625, 0.0625 ],
    "1" : [ 0.0690693421353873, 0.06712121098263285, 0.07126948712739258, 0.07241475896774618, 0.048333158375358884, 0.07214045847442094, 0.053126843357466765, 0.045161100341072555, 0.04942042137285396, 0.06818944924689023, 0.05287367911949143, 0.09916727700302957, 0.06825938273130054, 0.07196328586153283, 0.06350266044578459, 0.027987484457638823 ],
    "2" : [ 0.06487405988083947, 0.06381954515870059, 0.07443572342821811, 0.07941698395719415, 0.048925434793469794, 0.07571825181020915, 0.04733541522727645, 0.03435504313170587, 0.051643718383935736, 0.06085293810736456, 0.05484937370979581, 0.09751166825148766, 0.07250494211067703, 0.07303626783348796, 0.06645904974720848, 0.034261584468429265 ],
    "3" : [ 0.06828771108120148, 0.059153121682301975, 0.07597296171008282, 0.07794913022016882, 0.047840349110113575, 0.07678585296907903, 0.04535624984376942, 0.035368855527694004, 0.05205883020329885, 0.06322874146078987, 0.05419347923447408, 0.0978327916088412, 0.07382729081753754, 0.0733931065707851, 0.06473592927002741, 0.03401559868983495 ],
    "4" : [ 0.06831997305999676, 0.059609541555286576, 0.07722376282905562, 0.07858037455722132, 0.048212049583498444, 0.07592447518962327, 0.04433779378036177, 0.03569070020258265, 0.052429576909375546, 0.06229471056717808, 0.055073094252692426, 0.09735853434549895, 0.07352623187557893, 0.07317300031473345, 0.06420418464453273, 0.03404199633278365 ],
    "5" : [ 0.06853980512510731, 0.05943961992479038, 0.0768206790915404, 0.07827619263435387, 0.04801608225006058, 0.07629643283261012, 0.04465564055787746, 0.03566026837354305, 0.05243709931655627, 0.06254695825702046, 0.05492781165096234, 0.09707976125864211, 0.07382747268760667, 0.07344633489979885, 0.06400490076049092, 0.034024940379039394 ],
    "6" : [ 0.06846730927005557, 0.05958390762545986, 0.07705660455963446, 0.07834804129922399, 0.04814365511116717, 0.07616255841861551, 0.044574082778385773, 0.035680704700899894, 0.0524389577502031, 0.06244455477299933, 0.05498453094619726, 0.09717132823153565, 0.07363573203789013, 0.07334851931469133, 0.0639870451778859, 0.03397246800515522 ],
    "7" : [ 0.06847119537120097, 0.05955769214422062, 0.07694254944092264, 0.07832839765787818, 0.04810021093196969, 0.07623872182448854, 0.0446352896998306, 0.035653559617373466, 0.05242838140327024, 0.062469501669639806, 0.054958096506617565, 0.09711449275698299, 0.0737111922060906, 0.0734146689682475, 0.06399428725095775, 0.03398176255030901 ]
  }
}