{
  "fileName" : "21.json",
  "config" : {
    "seed" : 965414933,
    "description" : "True forward coupling with run number equal to PS run number with single random",
    "dtmcGeneratorConfig" : {
      "edgesNumberDistribution" : {
        "n" : 4,
        "distributionType" : "org.qesm.app.model.generator.distribution.SingleValueDistribution"
      },
      "edgesLocalityDistribution" : {
        "min" : -16,
        "max" : 16,
        "distributionType" : "org.qesm.app.model.generator.distribution.UniformDistribution"
      },
      "selfLoopValue" : null,
      "connectSCCs" : false,
      "n" : 256
    },
    "perfectSamplingConfig" : {
      "statisticalTestConfig" : {
        "confidence" : 0.95,
        "error" : 0.01,
        "testClass" : "org.qesm.app.model.test.ZTest"
      },
      "randomHelperClass" : "org.qesm.app.model.sampling.sampler.random.NRandomHelper",
      "pythonHistogramImage" : true,
      "pythonLastSequenceImage" : false,
      "enabled" : false
    },
    "forwardSamplingConfig" : {
      "enabled" : false,
      "randomHelperClass" : "org.qesm.app.model.sampling.sampler.random.NRandomHelper"
    },
    "dumbSamplingConfig" : {
      "enabled" : false,
      "sigmas" : [ -2.0, -1.0, 0.0, 1.0, 2.0 ],
      "usePerfectSamplingSampleSize" : false,
      "customMean" : 0,
      "customStdDev" : 0
    },
    "forwardCouplingConfig" : {
      "enabled" : true
    },
    "transientAnalysisConfig" : {
      "enabled" : false,
      "maxDistanceToSteadyState" : 1.0E-4
    },
    "previousPerfectSamplingOutput" : null
  },
  "steadyStateAnalysisOutput" : {
    "steadyStateDistribution" : {
      "0" : 0.002486430064582463,
      "1" : 0.005312482141927956,
      "2" : 0.0035815282617817227,
      "3" : 0.001960342838901943,
      "4" : 0.006248860243851819,
      "5" : 0.0025752088502891757,
      "6" : 0.0026752312166084644,
      "7" : 0.009597129679939455,
      "8" : 0.0028117329612913134,
      "9" : 0.010854734976404476,
      "10" : 0.006064400006896696,
      "11" : 0.0026538483249412582,
      "12" : 0.0022324630578456723,
      "13" : 0.003964962302453536,
      "14" : 0.002288114815361029,
      "15" : 0.0023071984944208423,
      "16" : 0.007850119986366587,
      "17" : 0.0071930903070015016,
      "18" : 0.001935047062911033,
      "19" : 0.007093478887052757,
      "20" : 0.001451190541672405,
      "21" : 0.006796867983574985,
      "22" : 0.0041665515537484205,
      "23" : 0.0035752334410478815,
      "24" : 0.0044111805548617215,
      "25" : 0.0020831398677314717,
      "26" : 0.0016304541950166956,
      "27" : 0.002889482130556402,
      "28" : 0.01350429509117513,
      "29" : 0.00578421966862522,
      "30" : 0.0036516195242170596,
      "31" : 0.0017487340528810652,
      "32" : 0.002185463756057308,
      "33" : 0.005842950630596141,
      "34" : 0.005383237935852803,
      "35" : 0.005410883937789117,
      "36" : 0.004041198434951076,
      "37" : 0.008550883507389029,
      "38" : 0.002075085644552008,
      "39" : 7.814230632826946E-4,
      "40" : 0.007443800777117837,
      "41" : 0.005412699259122495,
      "42" : 0.0053645230980771865,
      "43" : 0.0030727670869582966,
      "44" : 0.013938932087610479,
      "45" : 0.0012900720528755485,
      "46" : 0.008407349651820458,
      "47" : 9.632219100067992E-5,
      "48" : 0.005604514709641174,
      "49" : 0.00596513585627949,
      "50" : 2.148344833399196E-4,
      "51" : 0.001862917668081395,
      "52" : 1.6573799691871143E-4,
      "53" : 0.00683044169776955,
      "54" : 0.003676256724608519,
      "55" : 0.006311555943355406,
      "56" : 0.004580275839629816,
      "57" : 0.012462929346839912,
      "58" : 0.008487381524595659,
      "59" : 0.010061356074981612,
      "60" : 0.002968983512302476,
      "61" : 0.005831079539557239,
      "62" : 0.011740819401260627,
      "63" : 0.007340728738706424,
      "64" : 0.008066092466975467,
      "65" : 0.011520732349110212,
      "66" : 0.00666135295989237,
      "67" : 0.006098248817288117,
      "68" : 0.0018895249493496476,
      "69" : 0.006781278374171887,
      "70" : 0.005000365687277476,
      "71" : 0.009336333099923185,
      "72" : 0.003459513264051088,
      "73" : 0.008897524578431893,
      "74" : 0.004650396217214809,
      "75" : 0.0067608895032536835,
      "76" : 0.0039005392969166095,
      "77" : 0.0037824080219609037,
      "78" : 0.0010507831168129842,
      "79" : 0.0029342225512943923,
      "80" : 0.002017466738078925,
      "81" : 0.0010632847460835457,
      "82" : 0.004901467049552696,
      "83" : 0.006403056079416829,
      "84" : 0.005516823046326087,
      "85" : 0.0025778331647183417,
      "86" : 0.005505589359480989,
      "87" : 0.0015939393691957054,
      "88" : 0.0039873085280170174,
      "89" : 0.004841446646126339,
      "90" : 0.001191453073451266,
      "91" : 0.0020572523317386178,
      "92" : 0.001852266070888601,
      "93" : 0.0010555490620541192,
      "94" : 0.0029131397652985003,
      "95" : 0.005623878963505379,
      "96" : 0.00272062460899806,
      "97" : 0.0015744576906367104,
      "98" : 0.0024411969155306,
      "99" : 0.001877589718102798,
      "100" : 0.002206602484722191,
      "101" : 0.0026796533598892956,
      "102" : 0.0021085743034218985,
      "103" : 0.005327209419956585,
      "104" : 7.367044573585757E-4,
      "105" : 0.0030243051268927447,
      "106" : 0.0037197051695019422,
      "107" : 5.443716654569403E-4,
      "108" : 0.002179526305757578,
      "109" : 0.002023102420314129,
      "110" : 0.0032172029740797107,
      "111" : 0.0021815412274741493,
      "112" : 0.0016195630309387586,
      "113" : 0.0030554900619544113,
      "114" : 0.0010545290455343686,
      "115" : 0.0011877579837099804,
      "116" : 0.0016921505303714175,
      "117" : 2.0350407703429365E-4,
      "118" : 8.751444065650596E-4,
      "119" : 5.132641031064335E-4,
      "120" : 0.002257154735572259,
      "121" : 0.0025494190493294848,
      "122" : 0.003056236024986155,
      "123" : 0.0014968469503642953,
      "124" : 2.818878875108741E-4,
      "125" : 6.709553577993749E-4,
      "126" : 0.0033278163575878737,
      "127" : 0.0011555834761357968,
      "128" : 0.0012439989905387386,
      "129" : 6.428204937707262E-4,
      "130" : 0.0028791424392505967,
      "131" : 0.001015987745139458,
      "132" : 2.473197733411096E-4,
      "133" : 6.060625539699264E-5,
      "134" : 4.7501113300724975E-4,
      "135" : 0.00364220014486395,
      "136" : 3.0233406597406423E-4,
      "137" : 0.0010439894196117635,
      "138" : 0.006006158835102642,
      "139" : 0.0011351063536933692,
      "140" : 7.092726015698748E-4,
      "141" : 8.681833277264359E-4,
      "142" : 5.018256570578391E-4,
      "143" : 0.0012922346131929079,
      "144" : 0.002669714849673056,
      "145" : 0.0029027874556676863,
      "146" : 1.9010977644099737E-4,
      "147" : 0.0025583609678934854,
      "148" : 0.0024746194951195564,
      "149" : 0.006763448136138945,
      "150" : 1.5365517031181466E-4,
      "151" : 0.004366490823884107,
      "152" : 0.004089186577674629,
      "153" : 0.001585936314434857,
      "154" : 0.002051683389396879,
      "155" : 0.0018393601025807908,
      "156" : 0.004091601987775091,
      "157" : 0.004655229573799372,
      "158" : 0.0017185103832063056,
      "159" : 0.002193650953362672,
      "160" : 0.006053719632854827,
      "161" : 0.004952347249863738,
      "162" : 0.003781933569315777,
      "163" : 0.001979391924350417,
      "164" : 0.007419468892602997,
      "165" : 0.002060591913852953,
      "166" : 0.0014014050044557822,
      "167" : 0.0015401700789826436,
      "168" : 0.0032808894702250476,
      "169" : 0.009536584674972915,
      "170" : 0.0018515513014443537,
      "171" : 0.005671050319301579,
      "172" : 0.0025268361833314366,
      "173" : 0.008867916799545487,
      "174" : 0.007365477843260492,
      "175" : 0.003894068687476164,
      "176" : 0.0037658745292159547,
      "177" : 0.006302688176702956,