{
  "fileName" : "27.json",
  "config" : {
    "seed" : -139433274,
    "description" : "True forward coupling with run number equal to PS run number with single random",
    "dtmcGeneratorConfig" : {
      "edgesNumberDistribution" : {
        "n" : 16,
        "distributionType" : "org.qesm.app.model.generator.distribution.SingleValueDistribution"
      },
      "edgesLocalityDistribution" : {
        "min" : -16,
        "max" : 16,
        "distributionType" : "org.qesm.app.model.generator.distribution.UniformDistribution"
      },
      "selfLoopValue" : null,
      "connectSCCs" : false,
      "n" : 256
    },
    "perfectSamplingConfig" : {
      "statisticalTestConfig" : {
        "confidence" : 0.95,
        "error" : 0.01,
        "testClass" : "org.qesm.app.model.test.ZTest"
      },
      "randomHelperClass" : "org.qesm.app.model.sampling.sampler.random.NRandomHelper",
      "pythonHistogramImage" : true,
      "pythonLastSequenceImage" : false,
      "enabled" : false
    },
    "forwardSamplingConfig" : {
      "enabled" : false,
      "randomHelperClass" : "org.qesm.app.model.sampling.sampler.random.NRandomHelper"
    },
    "dumbSamplingConfig" : {
      "enabled" : false,
      "sigmas" : [ -2.0, -1.0, 0.0, 1.0, 2.0 ],
      "usePerfectSamplingSampleSize" : false,
      "customMean" : 0,
      "customStdDev" : 0
    },
    "forwardCouplingConfig" : {
      "enabled" : true
    },
    "transientAnalysisConfig" : {
      "enabled" : false,
      "maxDistanceToSteadyState" : 1.0E-4
    },
    "previousPerfectSamplingOutput" : null
  },
  "steadyStateAnalysisOutput" : {
    "steadyStateDistribution" : {
      "0" : 0.003019294441488722,
      "1" : 0.0015193989378210157,
      "2" : 0.0037072777678655304,
      "3" : 0.003101034490046241,
      "4" : 0.004520511530690697,
      "5" : 0.003790077833178496,
      "6" : 0.004152632962377789,
      "7" : 0.0034619843638710743,
      "8" : 0.002813374547905623,
      "9" : 0.0026975542431455233,
      "10" : 0.0029086402775273844,
      "11" : 0.003621278936805259,
      "12" : 0.0036082518287719008,
      "13" : 0.0012706888950894603,
      "14" : 0.0036652857824289713,
      "15" : 0.002396227539050269,
      "16" : 0.003253473056177016,
      "17" : 0.0035592486794382076,
      "18" : 0.003046719165327882,
      "19" : 0.00437065351599405,
      "20" : 0.0026504352643005064,
      "21" : 0.004109524858884824,
      "22" : 0.003840073534837792,
      "23" : 0.002587800362361946,
      "24" : 0.004807270803482565,
      "25" : 0.0030521104780657934,
      "26" : 0.002752721541775518,
      "27" : 0.002815707614667828,
      "28" : 0.003631191108836944,
      "29" : 0.003185484001435951,
      "30" : 0.0035087044856452042,
      "31" : 0.005804278135042943,
      "32" : 0.003807104253994579,
      "33" : 0.0043551821854044374,
      "34" : 0.004536249513040685,
      "35" : 0.0033473828777904097,
      "36" : 0.0033906030382656587,
      "37" : 0.002702860167783177,
      "38" : 0.0038887491308249155,
      "39" : 0.004003078841393589,
      "40" : 0.003747702360593148,
      "41" : 0.004874398722869768,
      "42" : 0.0051922470093013345,
      "43" : 0.0032318995263739703,
      "44" : 0.0033612795672475194,
      "45" : 0.0025312825319524133,
      "46" : 0.004923523406305666,
      "47" : 0.0029863074606400965,
      "48" : 0.005017682022928077,
      "49" : 0.0038003935215640966,
      "50" : 0.0054889573247447285,
      "51" : 0.00530984358278427,
      "52" : 0.004558527029084605,
      "53" : 0.004905656502005198,
      "54" : 0.003382103172509553,
      "55" : 0.003570674878127787,
      "56" : 0.004809867588374759,
      "57" : 0.003350289701650863,
      "58" : 0.004436135053254781,
      "59" : 0.0023338725880550884,
      "60" : 0.003585974883954805,
      "61" : 0.005790814050449607,
      "62" : 0.004721400715195886,
      "63" : 0.004661381778365051,
      "64" : 0.005241900430998342,
      "65" : 0.0073082830979483435,
      "66" : 0.005046869970654012,
      "67" : 0.0057889694627462135,
      "68" : 0.0036274877541788465,
      "69" : 0.004099838529868333,
      "70" : 0.0031374755606262523,
      "71" : 0.005073299879040685,
      "72" : 0.004461964015529949,
      "73" : 0.006264426055904533,
      "74" : 0.005004340579954162,
      "75" : 0.00708929028586484,
      "76" : 0.006335050774130816,
      "77" : 0.005234481419674452,
      "78" : 0.006409861586368982,
      "79" : 0.00650388262283453,
      "80" : 0.006200157921870418,
      "81" : 0.005145925470457853,
      "82" : 0.0055195505003385594,
      "83" : 0.0019491444090657519,
      "84" : 0.006468807734969767,
      "85" : 0.005349767327210888,
      "86" : 0.005167664143502703,
      "87" : 0.0053704663077870545,
      "88" : 0.004376237773733053,
      "89" : 0.005597194181717138,
      "90" : 0.002794205740566731,
      "91" : 0.007070177688277051,
      "92" : 0.004498231932152647,
      "93" : 0.004361617488648978,
      "94" : 0.00604443612305553,
      "95" : 0.00422961386892742,
      "96" : 0.0043549215877186215,
      "97" : 0.005423308805733875,
      "98" : 0.003924262607054466,
      "99" : 0.005297236946742291,
      "100" : 0.004101294273890557,
      "101" : 0.004281813593868477,
      "102" : 0.005108634277298904,
      "103" : 0.0018846196885179591,
      "104" : 0.004194189565173119,
      "105" : 0.004062073924049865,
      "106" : 0.0035505146572830026,
      "107" : 0.0047482287867687215,
      "108" : 0.0032873635511145804,
      "109" : 0.004327814104195998,
      "110" : 0.006578107927496393,
      "111" : 0.00408809086251651,
      "112" : 0.006029471510368038,
      "113" : 0.00413065584962199,
      "114" : 0.0031863006625179892,
      "115" : 0.00552348169445341,
      "116" : 0.004276091702649956,
      "117" : 0.004413229931299739,
      "118" : 0.0034560831026221104,
      "119" : 0.005035118778618464,
      "120" : 0.004824158089564669,
      "121" : 0.003315765169909033,
      "122" : 0.004539846359445451,
      "123" : 0.0060532197169807815,
      "124" : 0.0053322302254170065,
      "125" : 0.0040791436102602845,
      "126" : 0.00591082885304979,
      "127" : 0.00394892148881154,
      "128" : 0.0028548083229237267,
      "129" : 0.0025144266953186275,
      "130" : 0.0031345352535424396,
      "131" : 0.0036971626323181674,
      "132" : 0.004160506743516403,
      "133" : 0.005282211760801591,
      "134" : 0.004473583422208431,
      "135" : 0.004355095697238867,
      "136" : 0.004040702231430476,
      "137" : 0.004503674184751089,
      "138" : 0.005271383143067629,
      "139" : 0.005311471472814254,
      "140" : 0.004067169781408359,
      "141" : 0.004131005936779385,
      "142" : 0.0033362121474616586,
      "143" : 0.005030215798466476,
      "144" : 0.0026628089602180644,
      "145" : 0.0037359050012033116,
      "146" : 0.004035978569596235,
      "147" : 0.0057875305790307165,
      "148" : 0.0035627778090954482,
      "149" : 0.00464401293239336,
      "150" : 0.0033897420492826113,
      "151" : 0.0037195382446220514,
      "152" : 0.004384307306669811,
      "153" : 0.0029866635076963494,
      "154" : 0.0018957895823632014,
      "155" : 0.006002251867735313,
      "156" : 0.004338952012347135,
      "157" : 0.0029874299525177086,
      "158" : 0.0035680394925856123,
      "159" : 0.003508719542948873,
      "160" : 0.003293781375222859,
      "161" : 0.004071560415430303,
      "162" : 0.0031336372812407164,
      "163" : 0.002602394733761137,
      "164" : 0.00427897269045847,
      "165" : 0.00341649809982979,
      "166" : 0.0032405682935524862,
      "167" : 0.0023528403260102302,
      "168" : 0.004253293070345165,
      "169" : 0.0046019871379117255,
      "170" : 0.003483486852578662,
      "171" : 0.0024783698544912584,
      "172" : 0.0036353308716923667,
      "173" : 0.0032804260287307365,
      "174" : 0.0045003183846211185,
      "175" : 0.001611853266872095,
      "176" : 0.002535348482468018,
      "177" : 0.0035687127526288975,