{
  "steadyStateDistribution" : {
    "0" : 0.15335615744497338,
    "1" : 0.34316835300684556,
    "2" : 0.14073668448926074,
    "3" : 0.36273880505892026
  },
  "transientAnalysis" : {
    "0" : [ 0.25, 0.25, 0.25, 0.25 ],
    "1" : [ 0.1056932393958123, 0.29407842618415103, 0.24270311745796422, 0.3575252169620725 ],
    "2" : [ 0.15115199338564825, 0.36432902553123614, 0.19102121887642712, 0.29349776220668855 ],
    "3" : [ 0.12408291697218689, 0.3262077697477863, 0.17246797629203117, 0.3772413369879957 ],
    "4" : [ 0.15948743576107413, 0.3586496027490821, 0.1516842736458695, 0.33017868784397436 ],
    "5" : [ 0.13959062039075346, 0.3320403078944638, 0.14979698642800438, 0.37857208528677844 ],
    "6" : [ 0.16005004015514937, 0.35280183049106095, 0.14210251496666826, 0.3450456143871215 ],
    "7" : [ 0.14587595489557267, 0.33579414429812016, 0.14379698047674228, 0.37453292032956503 ],
    "8" : [ 0.15834239044002163, 0.3492595312840661, 0.1402766273473325, 0.3521214509285799 ],
    "9" : [ 0.14886742723758065, 0.3383651700947169, 0.1420628735487105, 0.37070452911899215 ],
    "10" : [ 0.15672385016514204, 0.3470629305387588, 0.14013135487368283, 0.3560818644224165 ],
    "11" : [ 0.15054178296362258, 0.3400628733567874, 0.14144227880049798, 0.36795306487909224 ],
    "12" : [ 0.15556060549075498, 0.34566948932205377, 0.1402759015514884, 0.35849400363570305 ],
    "13" : [ 0.15156157019292626, 0.34116595277484874, 0.14115690822706325, 0.36611556880516194 ],
    "14" : [ 0.15478376184103187, 0.3447771982080736, 0.1404237012860698, 0.36001533866482494 ],
    "15" : [ 0.1522047495026631, 0.3418784657503091, 0.14099941400116914, 0.36491737074585884 ],
    "16" : [ 0.15427719610372978, 0.3442038340811694, 0.14053143063615825, 0.3609875391789428 ],
    "17" : [ 0.15261576958938067, 0.3423377330964241, 0.14090404021345632, 0.36414245710073906 ],
    "18" : [ 0.15394958357011088, 0.34383494444082685, 0.1406036765060394, 0.3616117954830231 ],
    "19" : [ 0.1528796882733467, 0.3426335432348381, 0.14084401976262353, 0.3636427487291919 ],
    "20" : [ 0.15373832038394278, 0.3435975031701348, 0.14065085311561848, 0.36201332333030417 ],
    "21" : [ 0.15304944338889376, 0.3428240211375425, 0.14080569483795977, 0.36332084063560427 ],
    "22" : [ 0.15360222634714676, 0.3434446462391746, 0.14068137879594372, 0.36227174861773526 ],
    "23" : [ 0.15315869861197529, 0.3429466618902884, 0.14078109327608918, 0.3631135462216475 ],
    "24" : [ 0.15351458787466776, 0.3433462363498075, 0.14070106692568618, 0.36243810884983896 ]
  }
}