{
  "steadyStateDistribution" : {
    "0" : 0.020796340997995502,
    "1" : 0.019715787388700324,
    "2" : 0.018095996487283047,
    "3" : 0.014481106735455836,
    "4" : 0.010728964780819892,
    "5" : 0.017862305943211004,
    "6" : 0.02206199350785553,
    "7" : 0.015114002964220538,
    "8" : 0.010877930299419407,
    "9" : 0.02019688575177588,
    "10" : 0.016575275049980475,
    "11" : 0.01149996656432904,
    "12" : 0.00816380079814647,
    "13" : 0.023035834448440873,
    "14" : 0.022014507997664943,
    "15" : 0.015201901285077158,
    "16" : 0.021625655507552875,
    "17" : 0.028597283191198485,
    "18" : 0.015245916520907957,
    "19" : 0.025064856029485556,
    "20" : 0.01283299629940106,
    "21" : 0.04110139122762356,
    "22" : 0.015530267249263895,
    "23" : 0.020920841382005367,
    "24" : 0.0018758089279638014,
    "25" : 0.007751297925332733,
    "26" : 0.012628537788279989,
    "27" : 0.013704982963640295,
    "28" : 0.027363304985775657,
    "29" : 0.013926925620633166,
    "30" : 0.010861346700592798,
    "31" : 0.019067143117739858,
    "32" : 0.00544672289334941,
    "33" : 0.012365369680558513,
    "34" : 0.01146040100260546,
    "35" : 0.02115206343042456,
    "36" : 0.009502008853884962,
    "37" : 0.012401492474311679,
    "38" : 0.006887752959280064,
    "39" : 0.016331328293946387,
    "40" : 0.01701716434617052,
    "41" : 0.019804394726024833,
    "42" : 0.012039685755689634,
    "43" : 0.014697808764314054,
    "44" : 0.011792002787040323,
    "45" : 0.02617730394930629,
    "46" : 0.013187785548320823,
    "47" : 0.00605907913182886,
    "48" : 0.0036870301876850706,
    "49" : 0.01110958154817705,
    "50" : 0.012934619049576396,
    "51" : 0.009087604212911049,
    "52" : 0.023852691227479458,
    "53" : 0.00876605004545463,
    "54" : 0.01629852504474498,
    "55" : 0.014660071556171462,
    "56" : 0.021660870732455546,
    "57" : 0.015393040097990345,
    "58" : 0.01859829799063416,
    "59" : 0.011431563631377954,
    "60" : 0.012558309670043058,
    "61" : 0.003524282152920079,
    "62" : 0.02182361525889631,
    "63" : 0.02377032655865291
  },
  "transientAnalysis" : {
    "0" : [ 0.015625, 0.015625, 0.015625, 0.015625, 0.015625, 0.015625, 0.015625, 0.015625, 0.015625, 0.015625, 0.015625, 0.015625, 0.015625, 0.015625, 0.015625, 0.015625, 0.015625, 0.015625, 0.015625, 0.015625, 0.015625, 0.015625, 0.015625, 0.015625, 0.015625, 0.015625, 0.015625, 0.015625, 0.015625, 0.015625, 0.015625, 0.015625, 0.015625, 0.015625, 0.015625, 0.015625, 0.015625, 0.015625, 0.015625, 0.015625, 0.015625, 0.015625, 0.015625, 0.015625, 0.015625, 0.015625, 0.015625, 0.015625, 0.015625, 0.015625, 0.015625, 0.015625, 0.015625, 0.015625, 0.015625, 0.015625, 0.015625, 0.015625, 0.015625, 0.015625, 0.015625, 0.015625, 0.015625, 0.015625 ],
    "1" : [ 0.017301542241154717, 0.023692003823282806, 0.015503689671471036, 0.012742465840937477, 0.010750833842560375, 0.012105035249348667, 0.016430238166808733, 0.016092852885395463, 0.008446003825356027, 0.01594206570583358, 0.015528653583541604, 0.01014693359531811, 0.00937722068877769, 0.02541308239873353, 0.019068901036902963, 0.014827614523092832, 0.019736776338613655, 0.02630944816622555, 0.010749467001817722, 0.020033358629854135, 0.010987446230605637, 0.03798548097704577, 0.014088308268181082, 0.018684109651286272, 0.0022730740288784373, 0.008654406828555202, 0.011204151002784261, 0.010316096739906683, 0.026261086074215637, 0.010211164749320776, 0.01184391868500404, 0.013879748170016061, 0.012727229708114067, 0.016304410950786753, 0.01345271690092785, 0.01775266592340045, 0.011761241118118888, 0.01703922439232574, 0.00616492348039958, 0.022466406268217845, 0.021867966030104692, 0.027841764381475644, 0.012354363142633447, 0.01331656119368012, 0.014188499667639487, 0.03308050416657321, 0.018617572985868792, 0.00602460582393221, 0.005091222919434248, 0.014409494159406247, 0.013060758574179645, 0.010200306336331986, 0.020169630760881994, 0.00959048949777851, 0.019669232545153237, 0.014619142248680925, 0.017008098736564507, 0.014508249312172669, 0.020876168216508995, 0.014257492763766819, 0.012132392624618848, 0.004820548958747848, 0.02408463584219584, 0.023954301748552398 ],
    "2" : [ 0.020992118581971395, 0.019575022665902646, 0.016656547283573048, 0.012762097647675155, 0.009523800721274608, 0.016138316403917233, 0.02135610072752466, 0.01381845489261432, 0.009119071315323463, 0.019166842692293795, 0.01481573783014654, 0.011137868990982545, 0.007258186116549538, 0.022984655256430387, 0.019578188304407978, 0.014008162434652914, 0.021152979896886262, 0.02594703087095442, 0.013235266192546887, 0.022178222439359293, 0.01193720172466957, 0.03712775938866356, 0.014407244481207136, 0.01934753072477024, 0.0015974427710479023, 0.006815712634649836, 0.010566906729974184, 0.014015848592468516, 0.02599051943921446, 0.014533514688306597, 0.011145221816079756, 0.019293517316144603, 0.008216673902945625, 0.015531746219488999, 0.013769187308012864, 0.0221692157823847, 0.00972555777164658, 0.014394645589298191, 0.00955734576904629, 0.01927860083121639, 0.01945732072335465, 0.02280341209115068, 0.012148241863787575, 0.014744431278311003, 0.012628118903500515, 0.028320423461329073, 0.017340730804747486, 0.007370962971645573, 0.004645573988659739, 0.01312557217312018, 0.01497751931726945, 0.010731252515411814, 0.02687443363195065, 0.009605230735189534, 0.017259315193734373, 0.01558895825174217, 0.0202099911731477, 0.014515734411588162, 0.01804973443281505, 0.0100221274336607, 0.009910122180022794, 0.0034305101422551342, 0.022781374929149202, 0.02263284264623375 ],
    "3" : [ 0.020328462220821557, 0.01754307031227408, 0.017300847139354276, 0.013994038491032089, 0.00986152869376114, 0.01688943841043463, 0.02189942121277889, 0.01360397639405672, 0.009628012916808279, 0.01894791539578561, 0.015554615469234772, 0.010771279088294249, 0.007483841513009083, 0.021961090773733906, 0.01967272783968088, 0.01423015020148648, 0.020221904497610757, 0.026281546817772762, 0.013501394785202176, 0.02378478544274177, 0.012323362931676324, 0.03785620369529219, 0.014176015767119222, 0.020747182775264036, 0.0016916665799191675, 0.007236431400691204, 0.012252250203764421, 0.013824746256123371, 0.027279429131108094, 0.013652809295133354, 0.010805646387154675, 0.01891768650391576, 0.006574060643431868, 0.014369981144869782, 0.012629119863378498, 0.022251346898201803, 0.010667546493288714, 0.014157364339663659, 0.008164200202919749, 0.01893675663044192, 0.019145253378931325, 0.022368510186451675, 0.013434153110648047, 0.01583551815335659, 0.013032166152962505, 0.028770221970744244, 0.016529390191423986, 0.006944182491244275, 0.004344906498706606, 0.012941595930110083, 0.013965854905515648, 0.00905887115899627, 0.02428016639281516, 0.008890682546428578, 0.016918717970453228, 0.015699279988244035, 0.02205852975916824, 0.01401992018028552, 0.018669336869316946, 0.011745138194237876, 0.011272841545554878, 0.003123132052502647, 0.02225510054061771, 0.022722675072052074 ],