{
  "steadyStateDistribution" : {
    "0" : 0.06898669479931137,
    "1" : 0.010535197150934856,
    "2" : 0.09900190933877528,
    "3" : 0.012607164055473786,
    "4" : 0.05733392275952301,
    "5" : 0.02422404436190508,
    "6" : 0.03226851792618446,
    "7" : 0.05283804974568783,
    "8" : 0.040785237193481975,
    "9" : 0.1233651193381895,
    "10" : 0.09245420133452247,
    "11" : 0.12311919361640282,
    "12" : 0.04184274389185669,
    "13" : 0.10961149182272933,
    "14" : 0.028445083090892973,
    "15" : 0.08258142957412859
  },
  "transientAnalysis" : {
    "0" : [ 0.0625, 0.0625, 0.0625, 0.0625, 0.0625, 0.0625, 0.0625, 0.0625, 0.0625, 0.0625, 0.0625, 0.0625, 0.0625, 0.0625, 0.0625, 0.0625 ],
    "1" : [ 0.0780846627089401, 0.030406385578809834, 0.06292334964216649, 0.02545662621063615, 0.04800417686844981, 0.03732406091360814, 0.06400177642707057, 0.0974421930815909, 0.036120078042021025, 0.13471026267411007, 0.07148254281971193, 0.0849821998983933, 0.024474415170138458, 0.08122156770710158, 0.06081571275128416, 0.06254998950596749 ],
    "2" : [ 0.08092679382483868, 0.017811135863451268, 0.08926791756175328, 0.0237387093992394, 0.043177488580323664, 0.02967121152600281, 0.042677973745490067, 0.07090294539013606, 0.033963637354306415, 0.1333024073939561, 0.10420869458155829, 0.08910183807964456, 0.029942786690096007, 0.11268490842874572, 0.03441733750345298, 0.06420421407700475 ],
    "3" : [ 0.07160389187153013, 0.014598080618124804, 0.10102125497715653, 0.018428859216858197, 0.04350372276296065, 0.02497226553075771, 0.03377403952929059, 0.06092415443965636, 0.03940654943149501, 0.12869499418672592, 0.09728005408450607, 0.11009013185460638, 0.04174242847846287, 0.1068311371591745, 0.027902731813411432, 0.0792257040452829 ],
    "4" : [ 0.07084909525390473, 0.012042087834030886, 0.10220290312541944, 0.015398950390463583, 0.052594809686476424, 0.022991213071935537, 0.03372894720388145, 0.05280962333073503, 0.04141145759185983, 0.12573782402198438, 0.09566725482468613, 0.11848315281536126, 0.041242608411740225, 0.1072834218005862, 0.029813295800237435, 0.07774335483669753 ],
    "5" : [ 0.0702381002584202, 0.010703072065342795, 0.10161222608404946, 0.013220469760157222, 0.0561526278248389, 0.023743279949414168, 0.033141323255197114, 0.0530696288342104, 0.04039549511196622, 0.12296720796782828, 0.09091324532213889, 0.122891574927664, 0.04149397046615322, 0.10974880566203508, 0.029111730564309428, 0.0805972419462747 ],
    "6" : [ 0.06912309263106599, 0.010521572259296941, 0.10034898049314339, 0.012786068052969373, 0.057085787286359026, 0.024249546736591365, 0.032530282153679084, 0.05307189709084112, 0.0399943774244997, 0.12283632089658233, 0.09186762840563668, 0.12329219698631344, 0.04214827459401046, 0.11013459743601094, 0.028481738088067046, 0.08152763946493323 ],
    "7" : [ 0.06893316750146755, 0.010581753170886502, 0.09946153293996167, 0.012690237505793383, 0.057030960367228434, 0.02431720604594756, 0.03238737705200327, 0.05293780514936944, 0.04039912923301063, 0.12304903594497367, 0.09221163380026123, 0.12347269119401962, 0.04213146957661358, 0.10960549068461865, 0.02845596025525285, 0.08233454957859207 ],
    "8" : [ 0.06898609725724329, 0.010578885642879109, 0.09909052742391503, 0.012644098755757005, 0.05727099699435678, 0.02425312509339004, 0.032372934353948404, 0.052840595716536924, 0.040679786388612006, 0.12324393907759852, 0.09236192440514224, 0.12326847912283932, 0.04188779604315337, 0.10963776900109869, 0.02850990352737015, 0.08237314119615931 ],
    "9" : [ 0.0690012732769621, 0.010549973591966353, 0.09900329008913766, 0.01261582067031713, 0.05733339709997186, 0.024245803288785353, 0.03231404716923095, 0.05287144215238092, 0.04071942907066743, 0.1233162760281645, 0.09236987690153628, 0.12315683121409213, 0.04185938029983461, 0.10965280175823708, 0.02847501541988321, 0.08251534196883265 ],
    "10" : [ 0.06898963288766623, 0.010543751994378738, 0.09899157563086286, 0.01261528419173776, 0.05731605476651329, 0.024237146544424208, 0.03228816385388833, 0.05286341231052306, 0.04075339360008064, 0.12335502937743206, 0.0924463242126213, 0.12310486367655732, 0.041854855552741106, 0.10962736407268113, 0.028452658851130595, 0.08256048847676162 ]
  }
}